id,name,address,suburb,postcode,section_id,category,priority,status,phone,website,lat,lng,notes,visit_notes,source,rating,place_id,updated_at,sales_category,sales_category_label,sales_category_reason,google_maps_url
0c9f7c7a65d49d0a,Aspendale Gardens Fruit Centre,11 Narelle Drive VIC,,,bayside-frankston,greengrocer,medium,prospect,+61 3 9590 9086,,-38.0223106,145.1177554,Found via OpenStreetMap Overpass,,overpass,,,2026-09-17T13:41:52.881182+00:00,other,Uncategorised / other,other:produce,"https://www.google.com/maps/search/?api=1&query=-38.0223106,145.1177554"
6f9211d5aeb323fc,Blue Bay Deli,VIC,,,bayside-frankston,deli,medium,prospect,,,-38.1415516,145.1262293,Found via OpenStreetMap Overpass,,overpass,,,2026-09-17T13:42:02.524438+00:00,other,Uncategorised / other,other:generic_deli,"https://www.google.com/maps/search/?api=1&query=-38.1415516,145.1262293"
7daf0cd215b80b35,Frank & Jenny's Fruit Shop,VIC,,,bayside-frankston,greengrocer,medium,prospect,,,-38.1579697,145.130677,Found via OpenStreetMap Overpass,,overpass,,,2026-09-17T13:42:19.492168+00:00,other,Uncategorised / other,other:produce,"https://www.google.com/maps/search/?api=1&query=-38.1579697,145.130677"
02f29068b0af280f,Frankston gourmet / health food cluster,"Young Street / Playne Street, Frankston VIC 3199",Frankston,3199,bayside-frankston,health / specialty,medium,prospect,,,-38.1445,145.1225,Confirm independents on Maps visit,,seed,,,2026-09-17T13:41:20.223223+00:00,western_premium,Western premium / independent,heuristic:western,"https://www.google.com/maps/search/?api=1&query=-38.1445,145.1225"
9f18c9340f72f13e,Go Vita,417 Nepean Highway VIC,,,bayside-frankston,health food,medium,prospect,,,-38.0531535,145.1160311,Found via OpenStreetMap Overpass,,overpass,,,2026-09-17T13:42:24.664306+00:00,health_chains,Health / vitamin chains,override:go vita,"https://www.google.com/maps/search/?api=1&query=-38.0531535,145.1160311"
7d83e1b29e95452c,Lite and Easy,42 Colemans Road VIC,,,bayside-frankston,health food,medium,prospect,,,-38.0934205,145.1663802,Found via OpenStreetMap Overpass,,overpass,,,2026-09-17T13:42:14.679326+00:00,health_chains,Health / vitamin chains,override:lite and easy,"https://www.google.com/maps/search/?api=1&query=-38.0934205,145.1663802"
cfc8c23e57863f52,Lucky's Deli,VIC,,,bayside-frankston,deli,medium,prospect,,,-38.1424972,145.1255651,Found via OpenStreetMap Overpass,,overpass,,,2026-09-17T13:41:57.248208+00:00,other,Uncategorised / other,other:generic_deli,"https://www.google.com/maps/search/?api=1&query=-38.1424972,145.1255651"
e5850319de2f2063,MarketPlace Fresh,VIC,,,bayside-frankston,greengrocer,medium,prospect,,https://marketplacefresh.com.au/,-38.1521318,145.1671785,Found via OpenStreetMap Overpass,,overpass,,,2026-09-17T13:42:08.078285+00:00,other,Uncategorised / other,other:produce,"https://www.google.com/maps/search/?api=1&query=-38.1521318,145.1671785"
020b0a06947d8d80,Mornington Main Street specialty foods,"Main Street, Mornington VIC 3931",Mornington,3931,bayside-frankston,gourmet strip,medium,prospect,,,-38.2185,145.0365,Peninsula premium strip,,seed,,,2026-09-17T13:41:20.198118+00:00,western_premium,Western premium / independent,override:mornington main street specialty,"https://www.google.com/maps/search/?api=1&query=-38.2185,145.0365"
086b7b3ada6ba904,Planet Fruit & Vegetables,71 Young Street Frankston VIC,Frankston,,bayside-frankston,greengrocer,medium,prospect,,,-38.1449693,145.1250519,Found via OpenStreetMap Overpass,,overpass,,,2026-09-17T13:42:08.842690+00:00,other,Uncategorised / other,other:produce,"https://www.google.com/maps/search/?api=1&query=-38.1449693,145.1250519"
d5fe963bb231d0b0,Seaford Farmer's Market,VIC,,,bayside-frankston,marketplace,medium,prospect,,https://www.facebook.com/SeafordFarmersMarket/,-38.1028195,145.1271333,Found via OpenStreetMap Overpass,,overpass,,,2026-09-17T13:42:08.730050+00:00,other,Uncategorised / other,other:market,"https://www.google.com/maps/search/?api=1&query=-38.1028195,145.1271333"
a5c09866ecf0fe52,The Deli Stall,503 Station Street Carrum VIC 3197,Carrum,3197,bayside-frankston,deli,medium,prospect,,,-38.075402,145.1230605,Found via OpenStreetMap Overpass,,overpass,,,2026-09-17T13:42:24.778563+00:00,other,Uncategorised / other,other:generic_deli,"https://www.google.com/maps/search/?api=1&query=-38.075402,145.1230605"
8fd90efd89fe0950,The Green Scoop,30 Edithvale Road Edithvale VIC 3196,Edithvale,3196,bayside-frankston,health food,medium,prospect,,,-38.0377127,145.1120465,Found via OpenStreetMap Overpass,,overpass,,,2026-09-17T13:42:01.634937+00:00,western_premium,Western premium / independent,heuristic:western,"https://www.google.com/maps/search/?api=1&query=-38.0377127,145.1120465"
3d93a200947c3c26,Anloi Deli & Marinades,VIC,,,dandenong-corridor,deli,medium,prospect,,,-37.9503588,145.1509657,Found via OpenStreetMap Overpass,,overpass,,,2026-09-17T13:41:57.691524+00:00,western_premium,Western premium / independent,override:anloi deli,"https://www.google.com/maps/search/?api=1&query=-37.9503588,145.1509657"
0903cd86c356cb81,Bambi Deli,46C Brady Road Dandenong North VIC 3175,Dandenong North,3175,dandenong-corridor,deli,medium,prospect,+61 3 9795 4847,,-37.9544308,145.212642,Found via OpenStreetMap Overpass,,overpass,,,2026-09-17T13:42:26.527312+00:00,other,Uncategorised / other,other:generic_deli,"https://www.google.com/maps/search/?api=1&query=-37.9544308,145.212642"
e3772c218ece82ce,Binh Minh,46-48 Buckingham Avenue VIC,,,dandenong-corridor,greengrocer,medium,prospect,,,-37.9502373,145.1510653,Found via OpenStreetMap Overpass,,overpass,,,2026-09-17T13:41:55.645081+00:00,asian,Asian grocery,override:binh minh,"https://www.google.com/maps/search/?api=1&query=-37.9502373,145.1510653"
09519f41a4afe43e,Binh Minh Fresh,VIC,,,dandenong-corridor,greengrocer,medium,prospect,,,-37.9717516,145.1498766,Found via OpenStreetMap Overpass,,overpass,,,2026-09-17T13:41:56.667130+00:00,asian,Asian grocery,override:binh minh,"https://www.google.com/maps/search/?api=1&query=-37.9717516,145.1498766"
dd13cfc8d87097a1,Chan Kee,VIC,,,dandenong-corridor,deli,medium,prospect,,,-37.950365,145.1531487,Found via OpenStreetMap Overpass,,overpass,,,2026-09-17T13:41:55.754931+00:00,asian,Asian grocery,override:chan kee,"https://www.google.com/maps/search/?api=1&query=-37.950365,145.1531487"
596ed3f3a6e25a70,Dandenong Market,"Cleeland Street, Dandenong VIC 3175",Dandenong,3175,dandenong-corridor,fresh food market,medium,prospect,,https://www.dandenongmarket.com.au,-37.9875,145.2145,Wholesale-friendly market,,seed,,,2026-09-17T13:41:18.891316+00:00,other,Uncategorised / other,override:dandenong market,"https://www.google.com/maps/search/?api=1&query=-37.9875,145.2145"
6ce72d318f0d7eb0,Daton Groceries,36 Queens Avenue VIC,,,dandenong-corridor,greengrocer,medium,prospect,,,-37.9479933,145.1506843,Found via OpenStreetMap Overpass,,overpass,,,2026-09-17T13:41:55.845609+00:00,other,Uncategorised / other,other:greengrocer,"https://www.google.com/maps/search/?api=1&query=-37.9479933,145.1506843"
4d34fc08b70439ed,Emrah Food Mart,VIC,,,dandenong-corridor,deli,medium,prospect,,,-37.9892868,145.2165292,Found via OpenStreetMap Overpass,,overpass,,,2026-09-17T13:41:56.946231+00:00,other,Uncategorised / other,other:fallback,"https://www.google.com/maps/search/?api=1&query=-37.9892868,145.2165292"
cb3eefb431589583,Henry's Mercato,VIC,,,dandenong-corridor,greengrocer,medium,prospect,,,-37.9211468,145.2367359,Found via OpenStreetMap Overpass,,overpass,,,2026-09-17T13:42:02.239583+00:00,western_premium,Western premium / independent,override:henry's mercato,"https://www.google.com/maps/search/?api=1&query=-37.9211468,145.2367359"
daf89266ec65c7db,Indian grocery & spice cluster Clayton,"Clayton Road, Clayton VIC 3168",Clayton,3168,dandenong-corridor,spice / specialty grocery strip,medium,prospect,,,-37.9155,145.1215,Dense spice retail — walk Clayton Rd,,seed,,,2026-09-17T13:41:19.331641+00:00,indian,Indian grocery & spices,override:indian grocery,"https://www.google.com/maps/search/?api=1&query=-37.9155,145.1215"
19c1526f1e5ef5e6,Kampong Cham Grocery,1-3 St Johns Avenue VIC,,,dandenong-corridor,greengrocer,medium,prospect,+61 488 889 717,,-37.9485042,145.1507237,Found via OpenStreetMap Overpass,,overpass,,,2026-09-17T13:41:55.788863+00:00,asian,Asian grocery,override:kampong,"https://www.google.com/maps/search/?api=1&query=-37.9485042,145.1507237"
b98f09b4aa9d0430,Lien Hung Chinese Grocery,VIC,,,dandenong-corridor,greengrocer,medium,prospect,+61 3 9547 4808,,-37.9501883,145.15084,Found via OpenStreetMap Overpass,,overpass,,,2026-09-17T13:41:55.990936+00:00,asian,Asian grocery,override:chinese grocery,"https://www.google.com/maps/search/?api=1&query=-37.9501883,145.15084"
df42ae2cd4d05743,Manila Grocers,VIC,,,dandenong-corridor,wholesale,medium,prospect,,,-38.0175534,145.2716005,Found via OpenStreetMap Overpass,,overpass,,,2026-09-17T13:42:00.344098+00:00,asian,Asian grocery,override:manila grocer,"https://www.google.com/maps/search/?api=1&query=-38.0175534,145.2716005"
059036517bb427c0,Market Europa,VIC,,,dandenong-corridor,greengrocer,medium,prospect,,,-37.9537601,145.178516,Found via OpenStreetMap Overpass,,overpass,,,2026-09-17T13:41:55.889636+00:00,western_premium,Western premium / independent,override:market europa,"https://www.google.com/maps/search/?api=1&query=-37.9537601,145.178516"
74829c7ca42bb5b8,Springvale Asian Grocery cluster,"Springvale Road, Springvale VIC 3171",Springvale,3171,dandenong-corridor,specialty / spice grocery,medium,prospect,,,-37.9495,145.1525,Dense spice & specialty grocery strip,,seed,,,2026-09-17T13:38:27.308920+00:00,asian,Asian grocery,override:springvale asian,"https://www.google.com/maps/search/?api=1&query=-37.9495,145.1525"
b4abb2682db9b6e7,Springvale shopping strip (Asian groceries & spices),"Springvale Road, Springvale VIC 3171",Springvale,3171,dandenong-corridor,specialty / spice grocery strip,medium,prospect,,,-37.9495,145.1525,Walk the strip for spice & specialty independents,,seed,,,2026-09-17T13:41:18.925453+00:00,asian,Asian grocery,heuristic:asian,"https://www.google.com/maps/search/?api=1&query=-37.9495,145.1525"
4faacede6eee9c67,Thanh Thien Springvale Fresh Fruit Market,VIC,,,dandenong-corridor,greengrocer,medium,prospect,,,-37.9515898,145.1515148,Found via OpenStreetMap Overpass,,overpass,,,2026-09-17T13:41:56.053923+00:00,asian,Asian grocery,heuristic:asian,"https://www.google.com/maps/search/?api=1&query=-37.9515898,145.1515148"
efba40e05a46ffcc,Uncle's Smallgoods,32 Gladstone Road Dandenong VIC 3175,Dandenong,3175,dandenong-corridor,deli,medium,prospect,+61 3 9793 0135,https://www.unclessmallgoods.com/,-37.9714726,145.2042816,Found via OpenStreetMap Overpass,,overpass,,,2026-09-17T13:42:26.787306+00:00,western_premium,Western premium / independent,override:uncle's smallgoods,"https://www.google.com/maps/search/?api=1&query=-37.9714726,145.2042816"
1ec2515cdc4c470d,Wisla Continental,VIC,,,dandenong-corridor,deli,medium,prospect,,,-37.9891208,145.2163816,Found via OpenStreetMap Overpass,,overpass,,,2026-09-17T13:41:57.194490+00:00,western_premium,Western premium / independent,override:wisla continental,"https://www.google.com/maps/search/?api=1&query=-37.9891208,145.2163816"
ea5a8f76a5276e08,Balwyn Fruit Supply,419 Whitehorse Road Balwyn VIC 3103,Balwyn,3103,inner-east,greengrocer,medium,prospect,,,-37.813052,145.0843724,Found via OpenStreetMap Overpass,,overpass,,,2026-09-17T13:41:55.439485+00:00,other,Uncategorised / other,other:produce,"https://www.google.com/maps/search/?api=1&query=-37.813052,145.0843724"
c18677f395d6d316,Barossa Fine Foods,VIC,,,inner-east,deli,medium,prospect,,,-37.8462769,144.9924899,Found via OpenStreetMap Overpass,,overpass,,,2026-09-17T13:42:06.978224+00:00,western_premium,Western premium / independent,override:barossa fine foods,"https://www.google.com/maps/search/?api=1&query=-37.8462769,144.9924899"
e72e9d9bd19c02ce,Beaucare,VIC,,,inner-east,health food,medium,prospect,,,-37.8759594,145.0427072,Found via OpenStreetMap Overpass,,overpass,,,2026-09-17T13:42:01.080998+00:00,western_premium,Western premium / independent,override:beaucare,"https://www.google.com/maps/search/?api=1&query=-37.8759594,145.0427072"
6c8a8eafd2e97809,Bird & Co Organics,"Glenferrie Road precinct, Hawthorn VIC 3122",Hawthorn,3122,inner-east,organic / specialty,medium,prospect,,,-37.8218,145.0358,Verify exact shopfront on Glenferrie Rd visit,,seed,,,2026-09-17T13:41:18.958495+00:00,western_premium,Western premium / independent,override:bird & co,"https://www.google.com/maps/search/?api=1&query=-37.8218,145.0358"
793a2692533cd9be,Bukuria Quality Smallgoods,VIC,,,inner-east,deli,medium,prospect,,,-37.8765915,144.9964104,Found via OpenStreetMap Overpass,,overpass,,,2026-09-17T13:42:09.213143+00:00,western_premium,Western premium / independent,override:bukuria,"https://www.google.com/maps/search/?api=1&query=-37.8765915,144.9964104"
7d43ac83bdf72789,Camberwell Fresh Food Market,525 Riversdale Road Camberwell VIC 3124,Camberwell,3124,inner-east,organic marketplace,medium,prospect,,,-37.831119,145.0578248,Found via OpenStreetMap Overpass,,overpass,,,2026-09-17T13:42:24.859673+00:00,western_premium,Western premium / independent,override:camberwell fresh food,"https://www.google.com/maps/search/?api=1&query=-37.831119,145.0578248"
d0a7878f11975b4f,Camberwell Sunday Market,VIC,,,inner-east,marketplace,medium,prospect,,https://camberwellsundaymarket.org/,-37.8297223,145.0579477,Found via OpenStreetMap Overpass,,overpass,,,2026-09-17T13:42:23.067368+00:00,other,Uncategorised / other,other:produce,"https://www.google.com/maps/search/?api=1&query=-37.8297223,145.0579477"
1a79e0a1e486b0c9,Chaso's Gourmet Deli,VIC,,,inner-east,deli,medium,prospect,,,-37.846207,144.9925025,Found via OpenStreetMap Overpass,,overpass,,,2026-09-17T13:42:06.898211+00:00,western_premium,Western premium / independent,override:chaso's gourmet,"https://www.google.com/maps/search/?api=1&query=-37.846207,144.9925025"
8621cb3943fce51f,Cleo's Deli,VIC,,,inner-east,deli,medium,prospect,,,-37.8464174,144.992471,Found via OpenStreetMap Overpass,,overpass,,,2026-09-17T13:42:07.190306+00:00,other,Uncategorised / other,other:generic_deli,"https://www.google.com/maps/search/?api=1&query=-37.8464174,144.992471"
db9fbab06895ce7f,DailyFresher Fruit & Vegetables,322 Queens Parade VIC 3068,,3068,inner-east,greengrocer,medium,prospect,,,-37.78853,144.99035,Found via OpenStreetMap Overpass,,overpass,,,2026-09-17T13:41:53.095213+00:00,other,Uncategorised / other,other:produce,"https://www.google.com/maps/search/?api=1&query=-37.78853,144.99035"
7f1ff3f3f779479e,Demaria's Grocer,VIC,,,inner-east,greengrocer,medium,prospect,,,-37.8178569,144.9988218,Found via OpenStreetMap Overpass,,overpass,,,2026-09-17T13:42:09.990417+00:00,western_premium,Western premium / independent,override:demaria,"https://www.google.com/maps/search/?api=1&query=-37.8178569,144.9988218"
09f4a5c61a3bba01,Demaria's Grocer,VIC,,,inner-east,deli,medium,prospect,,,-37.8178184,144.9991165,Found via OpenStreetMap Overpass,,overpass,,,2026-09-17T13:42:10.428479+00:00,western_premium,Western premium / independent,override:demaria,"https://www.google.com/maps/search/?api=1&query=-37.8178184,144.9991165"
ef6b909ec7c44408,Food House Deli,VIC,,,inner-east,deli,medium,prospect,,,-37.8461791,144.9924679,Found via OpenStreetMap Overpass,,overpass,,,2026-09-17T13:42:07.469396+00:00,western_premium,Western premium / independent,override:food house deli,"https://www.google.com/maps/search/?api=1&query=-37.8461791,144.9924679"
83981097a4094ff5,Food Market (4th Saturday),VIC,,,inner-east,marketplace,medium,prospect,,,-37.8025565,145.003641,Found via OpenStreetMap Overpass,,overpass,,,2026-09-17T13:41:58.073338+00:00,other,Uncategorised / other,other:market,"https://www.google.com/maps/search/?api=1&query=-37.8025565,145.003641"
35559a10950fc608,Fruto,VIC,,,inner-east,greengrocer,medium,prospect,,,-37.8457992,144.9925331,Found via OpenStreetMap Overpass,,overpass,,,2026-09-17T13:42:07.357583+00:00,other,Uncategorised / other,other:greengrocer,"https://www.google.com/maps/search/?api=1&query=-37.8457992,144.9925331"
abf51628b8d34a7e,Gleadell Street Market,VIC,,,inner-east,marketplace,medium,prospect,,https://www.yarracity.vic.gov.au/the-area/visiting-yarra/markets/gleadell-street-market,-37.8170454,145.0016485,Found via OpenStreetMap Overpass,,overpass,,,2026-09-17T13:42:11.658851+00:00,other,Uncategorised / other,other:market,"https://www.google.com/maps/search/?api=1&query=-37.8170454,145.0016485"
3641f7b5c85023d2,Hawthorn Organic Food Store / local organics cluster,"Glenferrie Road precinct, Hawthorn VIC 3122",Hawthorn,3122,inner-east,organic grocery,medium,prospect,,,-37.8225,145.0355,Walk Glenferrie Rd for independents,,seed,,,2026-09-17T13:38:27.121828+00:00,western_premium,Western premium / independent,override:hawthorn organic,"https://www.google.com/maps/search/?api=1&query=-37.8225,145.0355"
2d377d914da22570,HelleniCo Deli,121 Bulleen Road VIC,,,inner-east,deli,medium,prospect,+61 3 9857 0135,https://www.hellenicodeli.com.au/,-37.7841418,145.0775743,Found via OpenStreetMap Overpass,,overpass,,,2026-09-17T13:42:10.890243+00:00,western_premium,Western premium / independent,heuristic:indie_deli,"https://www.google.com/maps/search/?api=1&query=-37.7841418,145.0775743"
c6ab962bf316e009,Klein's Gourmet Food,47 Glen Eira Road Ripponlea VIC 3185,Ripponlea,3185,inner-east,deli,medium,prospect,,,-37.8765215,144.9967284,Found via OpenStreetMap Overpass,,overpass,,,2026-09-17T13:42:26.992705+00:00,western_premium,Western premium / independent,override:klein's gourmet,"https://www.google.com/maps/search/?api=1&query=-37.8765215,144.9967284"
8f6599e2b8ad795b,Laikon Deli,324 Bridge Road Richmond VIC 3121,Richmond,3121,inner-east,deli,medium,prospect,,https://www.laikondeli.com.au/,-37.8190285,145.0021439,Found via OpenStreetMap Overpass,,overpass,,,2026-09-17T13:41:55.289430+00:00,western_premium,Western premium / independent,heuristic:indie_deli,"https://www.google.com/maps/search/?api=1&query=-37.8190285,145.0021439"
602c4109c8f83c3e,Localized Organic Food Store,116 Swan Street VIC,,,inner-east,health food,medium,prospect,,,-37.8253178,144.9936967,Found via OpenStreetMap Overpass,,overpass,,,2026-09-17T13:42:00.073837+00:00,western_premium,Western premium / independent,override:localized organic,"https://www.google.com/maps/search/?api=1&query=-37.8253178,144.9936967"
0ce7f2986a4ff0e3,Maita,VIC,,,inner-east,greengrocer,medium,prospect,,,-37.8754994,145.0390684,Found via OpenStreetMap Overpass,,overpass,,,2026-09-17T13:42:12.366603+00:00,other,Uncategorised / other,other:greengrocer,"https://www.google.com/maps/search/?api=1&query=-37.8754994,145.0390684"
57cb6560d1a56bb6,Maxmore,VIC,,,inner-east,health food,medium,prospect,,,-37.8751549,145.0918702,Found via OpenStreetMap Overpass,,overpass,,,2026-09-17T13:42:00.950870+00:00,western_premium,Western premium / independent,override:maxmore,"https://www.google.com/maps/search/?api=1&query=-37.8751549,145.0918702"
4a0b605d0710fd71,McCoppins Food & Wine,VIC,,,inner-east,deli,medium,prospect,,,-37.8331941,145.0473435,Found via OpenStreetMap Overpass,,overpass,,,2026-09-17T13:42:08.631477+00:00,western_premium,Western premium / independent,override:mccoppin,"https://www.google.com/maps/search/?api=1&query=-37.8331941,145.0473435"
6447c45d7c1e9543,Mont Albert Fresh Fruit & Vegetables,VIC,,,inner-east,organic greengrocer,medium,prospect,,,-37.8203525,145.1053014,Found via OpenStreetMap Overpass,,overpass,,,2026-09-17T13:42:18.894269+00:00,other,Uncategorised / other,other:produce,"https://www.google.com/maps/search/?api=1&query=-37.8203525,145.1053014"
99ef6072b7f1be8a,Naheda's Choice,VIC,,,inner-east,deli,medium,prospect,,,-37.8463531,144.9925248,Found via OpenStreetMap Overpass,,overpass,,,2026-09-17T13:42:06.832525+00:00,other,Uncategorised / other,other:fallback,"https://www.google.com/maps/search/?api=1&query=-37.8463531,144.9925248"
022df7cb951a1148,Naheda’s Choice,VIC,,,inner-east,greengrocer,medium,prospect,,,-37.8460307,144.9925682,Found via OpenStreetMap Overpass,,overpass,,,2026-09-17T13:42:12.758046+00:00,other,Uncategorised / other,other:greengrocer,"https://www.google.com/maps/search/?api=1&query=-37.8460307,144.9925682"
43d13794256c8d29,Obelix & Co,217 St Georges Road VIC,,,inner-east,deli,medium,prospect,+61 3 9077 2974,https://obelixandco.com.au/,-37.7840326,144.9830413,Found via OpenStreetMap Overpass,,overpass,,,2026-09-17T13:41:52.701608+00:00,other,Uncategorised / other,other:fallback,"https://www.google.com/maps/search/?api=1&query=-37.7840326,144.9830413"
07fd09c7307fe946,Pete n' Rosies,VIC,,,inner-east,deli,medium,prospect,,,-37.8463446,144.9924783,Found via OpenStreetMap Overpass,,overpass,,,2026-09-17T13:42:07.134118+00:00,other,Uncategorised / other,other:fallback,"https://www.google.com/maps/search/?api=1&query=-37.8463446,144.9924783"
0f38f7d4d789defd,Pino's Fresh Produce,VIC,,,inner-east,greengrocer,medium,prospect,,,-37.8459327,144.9929051,Found via OpenStreetMap Overpass,,overpass,,,2026-09-17T13:42:07.406839+00:00,other,Uncategorised / other,other:produce,"https://www.google.com/maps/search/?api=1&query=-37.8459327,144.9929051"
df5fb7c2d96c85b6,Prahran Market,163 Commercial Road VIC 3141,,3141,inner-east,marketplace,medium,prospect,,https://www.prahranmarket.com.au/,-37.8460646,144.9925928,Found via OpenStreetMap Overpass,,overpass,,,2026-09-17T13:42:22.543522+00:00,western_premium,Western premium / independent,override:prahran market,"https://www.google.com/maps/search/?api=1&query=-37.8460646,144.9925928"
de3985d6f9bf1fc2,Providore,722 Glenferrie Road VIC,,,inner-east,deli,medium,prospect,,,-37.8195972,145.0361977,Found via OpenStreetMap Overpass,,overpass,,,2026-09-17T13:42:25.226370+00:00,western_premium,Western premium / independent,override:providore,"https://www.google.com/maps/search/?api=1&query=-37.8195972,145.0361977"
66b92d6ef4ecc768,Reliable Fruit,VIC,,,inner-east,greengrocer,medium,prospect,,,-37.8458345,144.9927182,Found via OpenStreetMap Overpass,,overpass,,,2026-09-17T13:42:07.312770+00:00,other,Uncategorised / other,other:produce,"https://www.google.com/maps/search/?api=1&query=-37.8458345,144.9927182"
204c08c6911939f7,Richmond Swan Street specialty foods,"Swan Street, Richmond VIC 3121",Richmond,3121,inner-east,gourmet strip,medium,prospect,,,-37.8235,144.9975,Inner-east independents,,seed,,,2026-09-17T13:41:20.279367+00:00,western_premium,Western premium / independent,override:richmond swan street specialty,"https://www.google.com/maps/search/?api=1&query=-37.8235,144.9975"
7a158335ffd86185,Salzano Delicatessen,73 Doncaster Road VIC,,,inner-east,deli,medium,prospect,+61 3 9859 0588,,-37.7926114,145.0712586,Found via OpenStreetMap Overpass,,overpass,,,2026-09-17T13:42:04.842823+00:00,western_premium,Western premium / independent,override:salzano,"https://www.google.com/maps/search/?api=1&query=-37.7926114,145.0712586"
4f1f68c871fb408f,Signorelli Fresh,433 Whitehorse Road Balwyn VIC 3103,Balwyn,3103,inner-east,greengrocer,medium,prospect,,,-37.8131298,145.0848285,Found via OpenStreetMap Overpass,,overpass,,,2026-09-17T13:41:55.366593+00:00,other,Uncategorised / other,other:greengrocer,"https://www.google.com/maps/search/?api=1&query=-37.8131298,145.0848285"
abc22184e15a8e09,Signorelli's,79 Doncaster Road Balwyn North VIC 3104,Balwyn North,3104,inner-east,greengrocer,medium,prospect,,,-37.7926631,145.0714684,Found via OpenStreetMap Overpass,,overpass,,,2026-09-17T13:42:04.684136+00:00,other,Uncategorised / other,other:greengrocer,"https://www.google.com/maps/search/?api=1&query=-37.7926631,145.0714684"
673ed9d19f906671,Smith Street Alimentari,302 Smith Street Collingwood VIC 3066,Collingwood,3066,inner-east,deli,medium,prospect,,,-37.800176,144.984232,Found via OpenStreetMap Overpass,,overpass,,,2026-09-17T13:41:52.929124+00:00,other,Uncategorised / other,other:fallback,"https://www.google.com/maps/search/?api=1&query=-37.800176,144.984232"
db9c1852a0d45563,South Yarra Finer Fruit,123B Park Street VIC,,,inner-east,greengrocer,medium,prospect,+61 3 9866 2746,,-37.8343193,144.9823458,Found via OpenStreetMap Overpass,,overpass,,,2026-09-17T13:41:51.550044+00:00,other,Uncategorised / other,other:produce,"https://www.google.com/maps/search/?api=1&query=-37.8343193,144.9823458"
86249698d0add563,Stan's Deli,248b Glenferrie Road VIC 3144,,3144,inner-east,deli,medium,prospect,,,-37.8578573,145.0294203,Found via OpenStreetMap Overpass,,overpass,,,2026-09-17T13:42:13.676050+00:00,western_premium,Western premium / independent,heuristic:indie_deli,"https://www.google.com/maps/search/?api=1&query=-37.8578573,145.0294203"
02216c68de9d1208,TDP Marts Abbotsford,313 Victoria Street Abbotsford VIC 3067,Abbotsford,3067,inner-east,greengrocer,medium,prospect,,,-37.8093939,144.9959035,Found via OpenStreetMap Overpass,,overpass,,,2026-09-17T13:42:19.675084+00:00,other,Uncategorised / other,other:greengrocer,"https://www.google.com/maps/search/?api=1&query=-37.8093939,144.9959035"
f5c088be6002ed3e,The Cheese Shop Deli,VIC,,,inner-east,deli,medium,prospect,,,-37.8462677,144.9925364,Found via OpenStreetMap Overpass,,overpass,,,2026-09-17T13:42:06.807481+00:00,western_premium,Western premium / independent,override:cheese shop,"https://www.google.com/maps/search/?api=1&query=-37.8462677,144.9925364"
70ce6fdd4db6a6f0,The Corner Deli,229 High Street Ashburton VIC 3147,Ashburton,3147,inner-east,deli,medium,prospect,+61 3 9985 1808,,-37.8631005,145.0780847,Found via OpenStreetMap Overpass,,overpass,,,2026-09-17T13:41:52.816799+00:00,western_premium,Western premium / independent,heuristic:indie_deli,"https://www.google.com/maps/search/?api=1&query=-37.8631005,145.0780847"
1f3351cecd02979a,The Fermentary,394 Queens Parade VIC 3068,,3068,inner-east,deli,medium,prospect,,https://www.thefermentary.com.au/,-37.7874566,144.9921586,Found via OpenStreetMap Overpass,,overpass,,,2026-09-17T13:42:26.362509+00:00,other,Uncategorised / other,other:fallback,"https://www.google.com/maps/search/?api=1&query=-37.7874566,144.9921586"
2cfab34686728e62,The Rustic Table Delicatessen & Cafe,VIC,,,inner-east,deli,medium,prospect,,,-37.8499983,145.0930784,Found via OpenStreetMap Overpass,,overpass,,,2026-09-17T13:42:22.260977+00:00,western_premium,Western premium / independent,override:rustic table,"https://www.google.com/maps/search/?api=1&query=-37.8499983,145.0930784"
442db402bf9ae7d3,The Source Bulk Foods Hawthorn,"670 Glenferrie Road, Hawthorn VIC 3122",Hawthorn,3122,inner-east,bulk / wholefoods,medium,prospect,,https://www.thesourcebulkfoods.com.au,-37.8228,145.0352,Bulk wholefoods chain — check spice range & buyer,,seed,,,2026-09-17T13:41:19.001823+00:00,western_premium,Western premium / independent,override:the source bulk,"https://www.google.com/maps/search/?api=1&query=-37.8228,145.0352"
584fe2e8a3b82256,Top Shelf Fruits,225 High Street Ashburton VIC 3147,Ashburton,3147,inner-east,greengrocer,medium,prospect,+61 3 9885 2242,,-37.8630815,145.0779546,Found via OpenStreetMap Overpass,,overpass,,,2026-09-17T13:41:52.739112+00:00,other,Uncategorised / other,other:greengrocer,"https://www.google.com/maps/search/?api=1&query=-37.8630815,145.0779546"
7edcb971eefa1dea,Toscano's,VIC,,,inner-east,greengrocer,medium,prospect,,,-37.8060227,145.0325457,Found via OpenStreetMap Overpass,,overpass,,,2026-09-17T13:42:10.497623+00:00,other,Uncategorised / other,other:greengrocer,"https://www.google.com/maps/search/?api=1&query=-37.8060227,145.0325457"
cd58fbc4a320410b,Viva La Fruit,VIC,,,inner-east,greengrocer,medium,prospect,,,-37.7916066,145.0937848,Found via OpenStreetMap Overpass,,overpass,,,2026-09-17T13:41:55.572933+00:00,other,Uncategorised / other,other:produce,"https://www.google.com/maps/search/?api=1&query=-37.7916066,145.0937848"
fffeff24fdecbf0b,Windsor Deli,33 Hornby Street VIC,,,inner-east,deli,medium,prospect,,,-37.8550654,144.9958581,Found via OpenStreetMap Overpass,,overpass,,,2026-09-17T13:42:06.591309+00:00,western_premium,Western premium / independent,heuristic:indie_deli,"https://www.google.com/maps/search/?api=1&query=-37.8550654,144.9958581"
113e59a0f4724f85,Camberwell Fresh Food Market,"19 Station Street, Camberwell VIC 3124",Camberwell,3124,inner-east,fresh food market / wholesale precinct,high,prospect,,,-37.8264,145.0586,Fresh food / wholesale precinct,,seed,,,2026-09-17T13:41:17.518343+00:00,western_premium,Western premium / independent,override:camberwell fresh food,"https://www.google.com/maps/search/?api=1&query=-37.8264,145.0586"
7011052e12c52282,Camberwell Fresh Food Market / Wholesale area,"Camberwell Road / Market precinct, Camberwell VIC 3124",Camberwell,3124,inner-east,fresh food / wholesale precinct,high,prospect,,,-37.8305,145.0575,Wholesale / fresh food precinct — verify stalls & buyers,,seed,,,2026-09-17T13:38:26.057906+00:00,western_premium,Western premium / independent,override:camberwell fresh food,"https://www.google.com/maps/search/?api=1&query=-37.8305,145.0575"
e586a229ab7b2e47,Camberwell Junction specialty & deli strip,"Burke Road / Camberwell Road, Camberwell VIC 3124",Camberwell,3124,inner-east,gourmet strip,high,prospect,,,-37.8305,145.0575,Walk Junction for delis & specialty,,seed,,,2026-09-17T13:41:20.250830+00:00,western_premium,Western premium / independent,override:camberwell junction specialty,"https://www.google.com/maps/search/?api=1&query=-37.8305,145.0575"
258e9b8375cedaac,Malvern / Glenferrie Rd South specialty,"Glenferrie Road, Malvern VIC 3144",Malvern,3144,inner-east,gourmet strip,high,prospect,,,-37.8465,145.0285,Premium inner-east strip,,seed,,,2026-09-17T13:41:20.115174+00:00,western_premium,Western premium / independent,override:malvern / glenferrie,"https://www.google.com/maps/search/?api=1&query=-37.8465,145.0285"
3fac06368f62f3d6,Terra Madre,"113 Cotham Road, Kew VIC 3101",Kew,3101,inner-east,gourmet / specialty foods,high,prospect,,https://www.terramadre.com.au,-37.8075,145.0365,Premium specialty foods — core Nature's Pinch example,,seed,,,2026-09-17T13:41:17.450878+00:00,western_premium,Western premium / independent,override:terra madre,"https://www.google.com/maps/search/?api=1&query=-37.8075,145.0365"
30fb66f1d57cfec1,Toorak Village specialty foods,"Toorak Road, Toorak VIC 3142",Toorak,3142,inner-east,gourmet strip,high,prospect,,,-37.8405,145.0155,High-end independents,,seed,,,2026-09-17T13:41:20.160347+00:00,western_premium,Western premium / independent,override:toorak village,"https://www.google.com/maps/search/?api=1&query=-37.8405,145.0155"
c0fb4151c2e563cb,Ahmed Supermarket,VIC,,,inner-melbourne,deli,medium,prospect,,,-38.1119729,145.2827292,Found via OpenStreetMap Overpass,,overpass,,,2026-09-17T13:41:59.621112+00:00,other,Uncategorised / other,other:fallback,"https://www.google.com/maps/search/?api=1&query=-38.1119729,145.2827292"
a0deb9a537e27fd7,Al-Nahrain (Fruit and Nuts),VIC,,,inner-melbourne,deli,medium,prospect,,,-37.6667738,144.947917,Found via OpenStreetMap Overpass,,overpass,,,2026-09-17T13:42:08.417353+00:00,other,Uncategorised / other,other:produce,"https://www.google.com/maps/search/?api=1&query=-37.6667738,144.947917"
9abf34d87d5c5f5a,Albert Park Deli,VIC,,,inner-melbourne,deli,medium,prospect,,,-37.8414732,144.9541166,Found via OpenStreetMap Overpass,,overpass,,,2026-09-17T13:42:25.334122+00:00,western_premium,Western premium / independent,heuristic:indie_deli,"https://www.google.com/maps/search/?api=1&query=-37.8414732,144.9541166"
bbe7aaaf68509a6b,Alka Polish Deli,VIC,,,inner-melbourne,deli,medium,prospect,+61 414 380 495,,-37.8327228,144.9564065,Found via OpenStreetMap Overpass,,overpass,,,2026-09-17T13:42:06.143074+00:00,western_premium,Western premium / independent,heuristic:western,"https://www.google.com/maps/search/?api=1&query=-37.8327228,144.9564065"
0757615aeba22b45,Amma Spices & Foods - Indian Grocery,VIC,,,inner-melbourne,deli,medium,prospect,,,-38.1116103,145.2828198,Found via OpenStreetMap Overpass,,overpass,,,2026-09-17T13:41:59.720489+00:00,indian,Indian grocery & spices,override:indian grocery,"https://www.google.com/maps/search/?api=1&query=-38.1116103,145.2828198"
5b12f58b12e5720b,Basile's Fruit Market,VIC,,,inner-melbourne,greengrocer,medium,prospect,,,-37.6731324,145.0161593,Found via OpenStreetMap Overpass,,overpass,,,2026-09-17T13:42:21.077943+00:00,other,Uncategorised / other,other:produce,"https://www.google.com/maps/search/?api=1&query=-37.6731324,145.0161593"
66d2069a5d2180d1,Berwick Fresh,VIC,,,inner-melbourne,greengrocer,medium,prospect,,,-38.0313879,145.3448538,Found via OpenStreetMap Overpass,,overpass,,,2026-09-17T13:41:52.664379+00:00,other,Uncategorised / other,other:greengrocer,"https://www.google.com/maps/search/?api=1&query=-38.0313879,145.3448538"
9b77f7ce2ecc36f1,Big Vic Deli,VIC,,,inner-melbourne,deli,medium,prospect,,,-37.8067233,144.958996,Found via OpenStreetMap Overpass,,overpass,,,2026-09-17T13:42:17.963455+00:00,western_premium,Western premium / independent,heuristic:indie_deli,"https://www.google.com/maps/search/?api=1&query=-37.8067233,144.958996"
ae9b05f1870f66ac,Bill's Farm,VIC,,,inner-melbourne,deli,medium,prospect,,,-37.8068447,144.9590019,Found via OpenStreetMap Overpass,,overpass,,,2026-09-17T13:42:17.713214+00:00,other,Uncategorised / other,other:fallback,"https://www.google.com/maps/search/?api=1&query=-37.8068447,144.9590019"
b50694c4f3ff14f4,Bill's Orchard Gate,VIC,,,inner-melbourne,greengrocer,medium,prospect,,,-37.9654732,145.3052183,Found via OpenStreetMap Overpass,,overpass,,,2026-09-17T13:42:08.045993+00:00,other,Uncategorised / other,other:greengrocer,"https://www.google.com/maps/search/?api=1&query=-37.9654732,145.3052183"
35a80b52e8292c74,Bodi Choice,VIC,,,inner-melbourne,health food,medium,prospect,,,-37.7190475,145.1394123,Found via OpenStreetMap Overpass,,overpass,,,2026-09-17T13:42:14.806148+00:00,western_premium,Western premium / independent,heuristic:western,"https://www.google.com/maps/search/?api=1&query=-37.7190475,145.1394123"
8584a7c8f4c552e0,Bushman Deli (Bushman Meats),8 The Gateway Berwick VIC 3806,Berwick,3806,inner-melbourne,deli,medium,prospect,,https://bushmanmeats.com.au/,-38.0225567,145.3210752,Found via OpenStreetMap Overpass,,overpass,,,2026-09-17T13:42:22.923072+00:00,western_premium,Western premium / independent,heuristic:indie_deli,"https://www.google.com/maps/search/?api=1&query=-38.0225567,145.3210752"
5b7630a5667cbebe,Cake Point & Spices,VIC,,,inner-melbourne,deli,medium,prospect,,,-38.0324419,145.2662553,Found via OpenStreetMap Overpass,,overpass,,,2026-09-17T13:42:00.461141+00:00,other,Uncategorised / other,other:fallback,"https://www.google.com/maps/search/?api=1&query=-38.0324419,145.2662553"
de34d1a8ed5c6841,Cantina della Casa,13 Gertrude Street VIC,,,inner-melbourne,deli,medium,prospect,+61 3 9090 7870,,-37.805373,144.974876,Found via OpenStreetMap Overpass,,overpass,,,2026-09-17T13:41:53.372523+00:00,other,Uncategorised / other,other:fallback,"https://www.google.com/maps/search/?api=1&query=-37.805373,144.974876"
ef01debaf3d78188,Carlton Farmers Market,VIC,,,inner-melbourne,marketplace,medium,prospect,,https://mfm.com.au/,-37.7907829,144.9729614,Found via OpenStreetMap Overpass,,overpass,,,2026-09-17T13:42:04.511391+00:00,other,Uncategorised / other,other:produce,"https://www.google.com/maps/search/?api=1&query=-37.7907829,144.9729614"
0a75541553b1dce2,Casa Iberica,"25 Johnston Street, Fitzroy VIC 3065",Fitzroy,3065,inner-melbourne,specialty / gourmet,medium,prospect,,,-37.7988,144.9788,Spanish/Portuguese specialty foods,,seed,,,2026-09-17T13:41:17.867294+00:00,western_premium,Western premium / independent,override:casa iberica,"https://www.google.com/maps/search/?api=1&query=-37.7988,144.9788"
bd5c202b2161b0fa,Costco,VIC,,,inner-melbourne,wholesale,medium,prospect,,https://www.costco.com.au,-37.6567468,145.0137431,Found via OpenStreetMap Overpass,,overpass,,,2026-09-17T13:42:24.261397+00:00,other,Uncategorised / other,other:noise,"https://www.google.com/maps/search/?api=1&query=-37.6567468,145.0137431"
1552b2c6290e5d1f,Cranbourne Park Fresh,VIC,,,inner-melbourne,greengrocer,medium,prospect,,,-38.1104693,145.2820081,Found via OpenStreetMap Overpass,,overpass,,,2026-09-17T13:41:59.302141+00:00,other,Uncategorised / other,other:greengrocer,"https://www.google.com/maps/search/?api=1&query=-38.1104693,145.2820081"
2dbd7fc7756ce12a,D.O.C Delicatessen,330 Lygon Street VIC,,,inner-melbourne,deli,medium,prospect,+61 3 9347 8482,https://docgroup.net/,-37.7992542,144.9673835,Found via OpenStreetMap Overpass,,overpass,,,2026-09-17T13:42:06.381748+00:00,western_premium,Western premium / independent,heuristic:western,"https://www.google.com/maps/search/?api=1&query=-37.7992542,144.9673835"
3f39a520c6db2a52,Dandy Mart,VIC,,,inner-melbourne,greengrocer,medium,prospect,,,-38.0331315,145.2651196,Found via OpenStreetMap Overpass,,overpass,,,2026-09-17T13:42:00.215769+00:00,other,Uncategorised / other,other:greengrocer,"https://www.google.com/maps/search/?api=1&query=-38.0331315,145.2651196"
69f9b4b869af4adb,Deli Now,VIC,,,inner-melbourne,deli,medium,prospect,,,-37.7654042,145.0921537,Found via OpenStreetMap Overpass,,overpass,,,2026-09-17T13:42:21.616414+00:00,western_premium,Western premium / independent,heuristic:indie_deli,"https://www.google.com/maps/search/?api=1&query=-37.7654042,145.0921537"
800e03194ae8c457,Delizioso Delicatessen,VIC,,,inner-melbourne,deli,medium,prospect,,https://deliziosodelicatessen.com.au/,-38.0378677,145.3419799,Found via OpenStreetMap Overpass,,overpass,,,2026-09-17T13:42:20.160293+00:00,western_premium,Western premium / independent,heuristic:western,"https://www.google.com/maps/search/?api=1&query=-38.0378677,145.3419799"
493ba13705f39e1c,Di Pietro's,1-11 Chute Street Diamond Creek VIC 3089,Diamond Creek,3089,inner-melbourne,deli,medium,prospect,,,-37.6724444,145.1512818,Found via OpenStreetMap Overpass,,overpass,,,2026-09-17T13:42:08.263277+00:00,other,Uncategorised / other,other:fallback,"https://www.google.com/maps/search/?api=1&query=-37.6724444,145.1512818"
44606d3573d941e2,Diannes Delights,VIC,,,inner-melbourne,deli,medium,prospect,,,-37.8071226,144.9591894,Found via OpenStreetMap Overpass,,overpass,,,2026-09-17T13:42:16.733852+00:00,western_premium,Western premium / independent,heuristic:indie_deli,"https://www.google.com/maps/search/?api=1&query=-37.8071226,144.9591894"
c69189bf6208afd9,Eliza Health Food & Gifts,89 Mount Eliza Way Mount Eliza VIC 3930,Mount Eliza,3930,inner-melbourne,health food,medium,prospect,+61 3 9775 2611,https://www.elizahealthfood.com.au/,-38.184952,145.0895034,Found via OpenStreetMap Overpass,,overpass,,,2026-09-17T13:42:06.516000+00:00,western_premium,Western premium / independent,heuristic:western,"https://www.google.com/maps/search/?api=1&query=-38.184952,145.0895034"
62a6cd0ab180e624,Eltham Deli,VIC,,,inner-melbourne,deli,medium,prospect,,,-37.7147326,145.1485919,Found via OpenStreetMap Overpass,,overpass,,,2026-09-17T13:42:13.491328+00:00,western_premium,Western premium / independent,heuristic:indie_deli,"https://www.google.com/maps/search/?api=1&query=-37.7147326,145.1485919"
ff7a68a3cc624470,Emerald Deli,VIC,,,inner-melbourne,deli,medium,prospect,+61 3 9690 5783,https://www.emeraldhilldeli.com.au,-37.8320652,144.9561144,Found via OpenStreetMap Overpass,,overpass,,,2026-09-17T13:42:05.493939+00:00,western_premium,Western premium / independent,heuristic:indie_deli,"https://www.google.com/maps/search/?api=1&query=-37.8320652,144.9561144"
4f7c2fdcd246f6a2,Enoteca Sileno,920 Lygon Street VIC,,,inner-melbourne,deli,medium,prospect,+61 3 9389 7000,https://www.enoteca.com.au/,-37.7841673,144.9700853,Found via OpenStreetMap Overpass,,overpass,,,2026-09-17T13:41:50.766934+00:00,other,Uncategorised / other,other:fallback,"https://www.google.com/maps/search/?api=1&query=-37.7841673,144.9700853"
5d59b7c89a415e25,Fair Treasures,69 Station Street Ferntree Gully VIC 3156,Ferntree Gully,3156,inner-melbourne,marketplace,medium,prospect,,,-37.8834485,145.2951445,Found via OpenStreetMap Overpass,,overpass,,,2026-09-17T13:42:25.696162+00:00,other,Uncategorised / other,other:market,"https://www.google.com/maps/search/?api=1&query=-37.8834485,145.2951445"
f58b36f0b6eb5628,Farmers' Market Old Cheese Factory,34 Homestead Road VIC 3806,,3806,inner-melbourne,marketplace,medium,prospect,,,-38.0544044,145.33291,Found via OpenStreetMap Overpass,,overpass,,,2026-09-17T13:41:53.039299+00:00,other,Uncategorised / other,other:market,"https://www.google.com/maps/search/?api=1&query=-38.0544044,145.33291"
12d77368dca79d5d,Fine Fruits of Eltham,VIC,,,inner-melbourne,greengrocer,medium,prospect,,,-37.7148778,145.1485319,Found via OpenStreetMap Overpass,,overpass,,,2026-09-17T13:42:13.564656+00:00,other,Uncategorised / other,other:greengrocer,"https://www.google.com/maps/search/?api=1&query=-37.7148778,145.1485319"
e78a272fb1c14e25,Fitzroy Market,75 Rose Street Fitzroy VIC 3065,Fitzroy,3065,inner-melbourne,marketplace,medium,prospect,+61 414 896 198,https://www.fitzroymarket.com/,-37.7956908,144.9781207,Found via OpenStreetMap Overpass,,overpass,,,2026-09-17T13:42:20.589688+00:00,other,Uncategorised / other,other:market,"https://www.google.com/maps/search/?api=1&query=-37.7956908,144.9781207"
dcab86c1e733f8b7,Fontana Brothers,VIC,,,inner-melbourne,greengrocer,medium,prospect,,,-37.8063,144.9571019,Found via OpenStreetMap Overpass,,overpass,,,2026-09-17T13:42:15.569488+00:00,other,Uncategorised / other,other:greengrocer,"https://www.google.com/maps/search/?api=1&query=-37.8063,144.9571019"
7ceb0f45291ab005,Food Trucks,VIC,,,inner-melbourne,marketplace,medium,prospect,,,-38.0320894,145.3052082,Found via OpenStreetMap Overpass,,overpass,,,2026-09-17T13:42:26.475332+00:00,other,Uncategorised / other,other:produce,"https://www.google.com/maps/search/?api=1&query=-38.0320894,145.3052082"
1b5d3ec2a69bb0b3,Fowlers Vacola,19-25 Racecourse Road North Melbourne VIC 3051,North Melbourne,3051,inner-melbourne,wholesale,medium,prospect,,,-37.7897029,144.941177,Found via OpenStreetMap Overpass,,overpass,,,2026-09-17T13:42:26.065709+00:00,other,Uncategorised / other,other:noise,"https://www.google.com/maps/search/?api=1&query=-37.7897029,144.941177"
06bafb4408d07293,Fruits On Coventry,VIC,,,inner-melbourne,greengrocer,medium,prospect,+61 3 9696 0345,,-37.8326262,144.9569204,Found via OpenStreetMap Overpass,,overpass,,,2026-09-17T13:42:02.923870+00:00,other,Uncategorised / other,other:greengrocer,"https://www.google.com/maps/search/?api=1&query=-37.8326262,144.9569204"
c81154e043b934e4,Gasworks Farmers' Market,VIC,,,inner-melbourne,marketplace,medium,prospect,,https://gasworks.org.au/whats-on/gasworks-famers-market/,-37.8427283,144.946378,Found via OpenStreetMap Overpass,,overpass,,,2026-09-17T13:42:20.663096+00:00,other,Uncategorised / other,other:produce,"https://www.google.com/maps/search/?api=1&query=-37.8427283,144.946378"
52cc0a466363c841,Georgie’s Harvest,VIC,,,inner-melbourne,greengrocer,medium,prospect,+61 409 397 051,,-37.8325627,144.9571457,Found via OpenStreetMap Overpass,,overpass,,,2026-09-17T13:42:03.060892+00:00,other,Uncategorised / other,other:greengrocer,"https://www.google.com/maps/search/?api=1&query=-37.8325627,144.9571457"
c806a3f62fcb8375,Gewurshaus,VIC,,,inner-melbourne,organic spices,medium,prospect,,,-37.8070893,144.9591136,Found via OpenStreetMap Overpass,,overpass,,,2026-09-17T13:42:17.012243+00:00,indian,Indian grocery & spices,heuristic:spice_category,"https://www.google.com/maps/search/?api=1&query=-37.8070893,144.9591136"
9945d9ba8f795cf5,Gewürzhaus,Multiple Melbourne locations (check current stores),Melbourne,3000,inner-melbourne,spice shop,medium,prospect,,https://www.gewurzhaus.com.au,-37.8136,144.9631,Dedicated premium spice retailer — competitor awareness + wholesale angles,,seed,,,2026-09-17T13:38:26.491515+00:00,western_premium,Western premium / independent,override:gewürzhaus,"https://www.google.com/maps/search/?api=1&query=-37.8136,144.9631"
9e6e896e7460f4c0,Gewürzhaus,VIC,,,inner-melbourne,spices,medium,prospect,+61 3 9682 4486,https://gewurzhaus.com.au/,-37.8326199,144.9559978,Found via OpenStreetMap Overpass,,overpass,,,2026-09-17T13:42:04.065103+00:00,western_premium,Western premium / independent,override:gewürzhaus,"https://www.google.com/maps/search/?api=1&query=-37.8326199,144.9559978"
0a31d3f9707ea397,Gewürzhaus,VIC,,,inner-melbourne,spices,medium,prospect,,https://gewurzhaus.com.au/,-37.8157916,144.9646101,Found via OpenStreetMap Overpass,,overpass,,,2026-09-17T13:42:11.332780+00:00,western_premium,Western premium / independent,override:gewürzhaus,"https://www.google.com/maps/search/?api=1&query=-37.8157916,144.9646101"
6379cf9d2cf9c00d,Gewürzhaus,342 Lygon Street Carlton VIC 3053,Carlton,3053,inner-melbourne,spices,medium,prospect,,https://gewurzhaus.com.au/,-37.7990329,144.9675008,Found via OpenStreetMap Overpass,,overpass,,,2026-09-17T13:42:25.108991+00:00,western_premium,Western premium / independent,override:gewürzhaus,"https://www.google.com/maps/search/?api=1&query=-37.7990329,144.9675008"
3456594e4cc4653f,Gewürzhaus Melbourne Central,"Melbourne Central, Melbourne VIC 3000",Melbourne,3000,inner-melbourne,spice shop,medium,prospect,,https://www.gewurzhaus.com.au,-37.8105,144.9628,Premium spice retailer — map all branches when visiting CBD,,seed,,,2026-09-17T13:41:18.268289+00:00,western_premium,Western premium / independent,override:gewürzhaus,"https://www.google.com/maps/search/?api=1&query=-37.8105,144.9628"
f1e82832624e8550,Good Food Emporium,VIC,,,inner-melbourne,health food,medium,prospect,,,-38.0240552,145.3089461,Found via OpenStreetMap Overpass,,overpass,,,2026-09-17T13:42:15.112811+00:00,western_premium,Western premium / independent,heuristic:western,"https://www.google.com/maps/search/?api=1&query=-38.0240552,145.3089461"
f8c181abebf15b62,Gradi Mercato,25B Main Street VIC,,,inner-melbourne,deli,medium,prospect,,,-38.2176956,145.0371966,Found via OpenStreetMap Overpass,,overpass,,,2026-09-17T13:42:21.840306+00:00,western_premium,Western premium / independent,heuristic:western,"https://www.google.com/maps/search/?api=1&query=-38.2176956,145.0371966"
79ee018b6213cb29,Great Earth,VIC,,,inner-melbourne,health food,medium,prospect,,,-37.8158582,144.9641196,Found via OpenStreetMap Overpass,,overpass,,,2026-09-17T13:42:11.467087+00:00,western_premium,Western premium / independent,heuristic:western,"https://www.google.com/maps/search/?api=1&query=-37.8158582,144.9641196"
43902cc07a4c6ae8,Green Field Food Store,124 Hothlyn Drive Craigieburn VIC 3064,Craigieburn,3064,inner-melbourne,deli,medium,prospect,,,-37.6105807,144.9335851,Found via OpenStreetMap Overpass,,overpass,,,2026-09-17T13:42:26.663572+00:00,other,Uncategorised / other,other:fallback,"https://www.google.com/maps/search/?api=1&query=-37.6105807,144.9335851"
8f6735b8c0497217,Greenvale Fresh,VIC,,,inner-melbourne,greengrocer,medium,prospect,,,-37.6392292,144.8821906,Found via OpenStreetMap Overpass,,overpass,,,2026-09-17T13:42:18.309825+00:00,other,Uncategorised / other,other:greengrocer,"https://www.google.com/maps/search/?api=1&query=-37.6392292,144.8821906"
681af8964aa3921e,Gully Market,VIC,,,inner-melbourne,marketplace,medium,prospect,,,-37.8932084,145.3100101,Found via OpenStreetMap Overpass,,overpass,,,2026-09-17T13:41:55.118751+00:00,other,Uncategorised / other,other:produce,"https://www.google.com/maps/search/?api=1&query=-37.8932084,145.3100101"
a6e064c84962d7ad,Harvest Eltham,VIC,,,inner-melbourne,greengrocer,medium,prospect,,,-37.712956,145.1499021,Found via OpenStreetMap Overpass,,overpass,,,2026-09-17T13:42:13.284077+00:00,other,Uncategorised / other,other:greengrocer,"https://www.google.com/maps/search/?api=1&query=-37.712956,145.1499021"
613a267b4f2a3dfa,Heide Market,VIC,,,inner-melbourne,marketplace,medium,prospect,+61 414 803 228,https://www.heidemarket.com/,-37.7568304,145.0833866,Found via OpenStreetMap Overpass,,overpass,,,2026-09-17T13:42:18.481080+00:00,other,Uncategorised / other,other:produce,"https://www.google.com/maps/search/?api=1&query=-37.7568304,145.0833866"
b34f6256f2849f60,Hellenic Deli,VIC,,,inner-melbourne,deli,medium,prospect,,,-37.8069963,144.9591309,Found via OpenStreetMap Overpass,,overpass,,,2026-09-17T13:42:16.554349+00:00,western_premium,Western premium / independent,heuristic:indie_deli,"https://www.google.com/maps/search/?api=1&query=-37.8069963,144.9591309"
757c788e23f4f13a,Il Fruttivendolo,VIC,,,inner-melbourne,organic greengrocer,medium,prospect,,,-37.8064132,144.9574889,Found via OpenStreetMap Overpass,,overpass,,,2026-09-17T13:42:15.722955+00:00,western_premium,Western premium / independent,heuristic:western,"https://www.google.com/maps/search/?api=1&query=-37.8064132,144.9574889"
adefb626698990ca,Il Gran Panino,118 Queen Street VIC,,,inner-melbourne,deli,medium,prospect,+61 3 8601 2727,,-37.8157025,144.9612422,Found via OpenStreetMap Overpass,,overpass,,,2026-09-17T13:42:21.734817+00:00,other,Uncategorised / other,other:fallback,"https://www.google.com/maps/search/?api=1&query=-37.8157025,144.9612422"
472ed582bd30382e,La Central,VIC,,,inner-melbourne,deli,medium,prospect,+61 3 9686 5952,https://www.lacentral.com.au/,-37.8326622,144.9567877,Found via OpenStreetMap Overpass,,overpass,,,2026-09-17T13:42:03.260709+00:00,other,Uncategorised / other,other:fallback,"https://www.google.com/maps/search/?api=1&query=-37.8326622,144.9567877"
177a2b2cd7c9c4c2,La'Deli At QVM,VIC,,,inner-melbourne,deli,medium,prospect,,,-37.8067302,144.9589532,Found via OpenStreetMap Overpass,,overpass,,,2026-09-17T13:42:17.907360+00:00,western_premium,Western premium / independent,heuristic:indie_deli,"https://www.google.com/maps/search/?api=1&query=-37.8067302,144.9589532"
ccbb935bd65dc435,Lakes Fresh Food Market,58 - 70 Shoppers Lane Taylors Lakes VIC 3038,Taylors Lakes,3038,inner-melbourne,marketplace,medium,prospect,+61 3 9449 4500,,-37.7027095,144.8007981,Found via OpenStreetMap Overpass,,overpass,,,2026-09-17T13:42:23.588276+00:00,other,Uncategorised / other,other:market,"https://www.google.com/maps/search/?api=1&query=-37.7027095,144.8007981"
f276d8512804fbd5,Lalor No. 1 Fruit Market,VIC,,,inner-melbourne,greengrocer,medium,prospect,,,-37.6732507,145.0169382,Found via OpenStreetMap Overpass,,overpass,,,2026-09-17T13:41:56.187911+00:00,other,Uncategorised / other,other:produce,"https://www.google.com/maps/search/?api=1&query=-37.6732507,145.0169382"
d507975c50d6520c,Lettuce Inn Fruit & Veg,VIC,,,inner-melbourne,greengrocer,medium,prospect,,,-37.6392021,145.1930032,Found via OpenStreetMap Overpass,,overpass,,,2026-09-17T13:41:52.398881+00:00,other,Uncategorised / other,other:produce,"https://www.google.com/maps/search/?api=1&query=-37.6392021,145.1930032"
7a31d651c44ac115,Lonor Variety Shop,VIC,,,inner-melbourne,deli,medium,prospect,,,-38.1126971,145.2831517,Found via OpenStreetMap Overpass,,overpass,,,2026-09-17T13:41:59.392627+00:00,other,Uncategorised / other,other:fallback,"https://www.google.com/maps/search/?api=1&query=-38.1126971,145.2831517"
d6d598112bda9121,MKS Spices & Things,VIC,,,inner-melbourne,spices,medium,prospect,,,-37.6510329,145.0206196,Found via OpenStreetMap Overpass,,overpass,,,2026-09-17T13:42:22.199936+00:00,indian,Indian grocery & spices,override:mks spices,"https://www.google.com/maps/search/?api=1&query=-37.6510329,145.0206196"
bcc5b60316ca4e48,Majestic Spices,VIC 3037,,3037,inner-melbourne,spices,medium,prospect,+61 402 430 059,,-37.7113168,144.7421001,Found via OpenStreetMap Overpass,,overpass,,,2026-09-17T13:42:09.829549+00:00,indian,Indian grocery & spices,override:majestic spices,"https://www.google.com/maps/search/?api=1&query=-37.7113168,144.7421001"
83911a03ec99cee2,Maria's Coffee House and Deli,793-795 Nicholson Street VIC,,,inner-melbourne,deli,medium,prospect,+61 3 9380 5488,,-37.7807596,144.977803,Found via OpenStreetMap Overpass,,overpass,,,2026-09-17T13:41:54.037643+00:00,western_premium,Western premium / independent,heuristic:indie_deli,"https://www.google.com/maps/search/?api=1&query=-37.7807596,144.977803"
242512cc1cb0d6a4,Maria's Pasta,706 Nicholson Street VIC,,,inner-melbourne,deli,medium,prospect,+61 3 9380 5800,https://marias.com.au/,-37.7829332,144.9778108,Found via OpenStreetMap Overpass,,overpass,,,2026-09-17T13:41:50.638477+00:00,other,Uncategorised / other,other:fallback,"https://www.google.com/maps/search/?api=1&query=-37.7829332,144.9778108"
ccd1c6d57d2dec11,MarketPlace Fresh,VIC,,,inner-melbourne,greengrocer,medium,prospect,,,-38.0188894,145.3064353,Found via OpenStreetMap Overpass,,overpass,,,2026-09-17T13:41:52.616927+00:00,other,Uncategorised / other,other:produce,"https://www.google.com/maps/search/?api=1&query=-38.0188894,145.3064353"
c5599add9d22f71b,MarketPlace Fresh,180 Riverdale Boulevard VIC,,,inner-melbourne,greengrocer,medium,prospect,,https://marketplacefresh.com.au/store/marketplace-fresh-mernda/,-37.6020336,145.099963,Found via OpenStreetMap Overpass,,overpass,,,2026-09-17T13:42:12.648657+00:00,other,Uncategorised / other,other:produce,"https://www.google.com/maps/search/?api=1&query=-37.6020336,145.099963"
228b55b2e6d41f38,Montrose Fruit Basket,VIC,,,inner-melbourne,greengrocer,medium,prospect,,,-37.811025,145.3439864,Found via OpenStreetMap Overpass,,overpass,,,2026-09-17T13:42:18.195506+00:00,other,Uncategorised / other,other:produce,"https://www.google.com/maps/search/?api=1&query=-37.811025,145.3439864"
b22de4dc7a580314,Moving Feast Pantry (Purpose Precinct),VIC,,,inner-melbourne,deli,medium,prospect,,https://purposeprecinct.org/,-37.8071267,144.9560978,Found via OpenStreetMap Overpass,,overpass,,,2026-09-17T13:42:20.613562+00:00,western_premium,Western premium / independent,heuristic:western,"https://www.google.com/maps/search/?api=1&query=-37.8071267,144.9560978"
a211c51283fb7bd3,NH Auto Parts,VIC,,,inner-melbourne,wholesale,medium,prospect,,,-37.6413048,144.9378628,Found via OpenStreetMap Overpass,,overpass,,,2026-09-17T13:42:24.987318+00:00,other,Uncategorised / other,other:noise,"https://www.google.com/maps/search/?api=1&query=-37.6413048,144.9378628"
b382fc92c9f6fd83,Narre Warren Mixed Deli,30 Webb Street VIC,,,inner-melbourne,deli,medium,prospect,,,-38.0262712,145.3045129,Found via OpenStreetMap Overpass,,overpass,,,2026-09-17T13:41:53.350968+00:00,western_premium,Western premium / independent,heuristic:indie_deli,"https://www.google.com/maps/search/?api=1&query=-38.0262712,145.3045129"
d56b2a9822e57593,Nature's Harvest,VIC,,,inner-melbourne,health food,medium,prospect,,,-37.6375029,145.195357,Found via OpenStreetMap Overpass,,overpass,,,2026-09-17T13:42:14.046196+00:00,western_premium,Western premium / independent,heuristic:western,"https://www.google.com/maps/search/?api=1&query=-37.6375029,145.195357"
cd91693fa7f6bf7a,Nema Supermarket,VIC,,,inner-melbourne,deli,medium,prospect,,,-38.1125422,145.2826304,Found via OpenStreetMap Overpass,,overpass,,,2026-09-17T13:41:59.540937+00:00,other,Uncategorised / other,other:fallback,"https://www.google.com/maps/search/?api=1&query=-38.1125422,145.2826304"
ce7b5a351b0119a2,Nut Trek,VIC,,,inner-melbourne,deli,medium,prospect,,,-37.8071024,144.959265,Found via OpenStreetMap Overpass,,overpass,,,2026-09-17T13:42:16.424483+00:00,other,Uncategorised / other,other:fallback,"https://www.google.com/maps/search/?api=1&query=-37.8071024,144.959265"
ffbd0b05dc767466,Nutshoppe,VIC,,,inner-melbourne,spices,medium,prospect,+61 412 555 000,,-37.8327936,144.956329,Found via OpenStreetMap Overpass,,overpass,,,2026-09-17T13:42:03.164173+00:00,indian,Indian grocery & spices,override:nutshoppe,"https://www.google.com/maps/search/?api=1&query=-37.8327936,144.956329"
3bc2dc40f272d9c4,Orchard Wholefoods And Mueslis,VIC,,,inner-melbourne,organic health_food,medium,prospect,,,-37.8063828,144.9577648,Found via OpenStreetMap Overpass,,overpass,,,2026-09-17T13:42:15.415849+00:00,western_premium,Western premium / independent,heuristic:western,"https://www.google.com/maps/search/?api=1&query=-37.8063828,144.9577648"
3b740abd81dcf275,Organic Fix,VIC,,,inner-melbourne,health food,medium,prospect,,,-37.7142967,145.1480644,Found via OpenStreetMap Overpass,,overpass,,,2026-09-17T13:42:13.449328+00:00,western_premium,Western premium / independent,heuristic:western,"https://www.google.com/maps/search/?api=1&query=-37.7142967,145.1480644"
12ebeb7e57110498,PK Fruit,VIC,,,inner-melbourne,greengrocer,medium,prospect,,,-37.8064022,144.957315,Found via OpenStreetMap Overpass,,overpass,,,2026-09-17T13:42:15.809548+00:00,other,Uncategorised / other,other:produce,"https://www.google.com/maps/search/?api=1&query=-37.8064022,144.957315"
10b8d6fed3211934,Palamara Mt Eliza Village Fruits,106-108 Mount Eliza Way Mount Eliza VIC,Mount Eliza,,inner-melbourne,greengrocer,medium,prospect,+61 3 9787 2771,https://www.mtelizavillagefruits.com/,-38.1847723,145.088941,Found via OpenStreetMap Overpass,,overpass,,,2026-09-17T13:42:06.425077+00:00,other,Uncategorised / other,other:greengrocer,"https://www.google.com/maps/search/?api=1&query=-38.1847723,145.088941"
4fce51c77137e261,Pavilion,VIC,,,inner-melbourne,deli,medium,prospect,,,-37.8068373,144.9590448,Found via OpenStreetMap Overpass,,overpass,,,2026-09-17T13:42:17.794935+00:00,other,Uncategorised / other,other:fallback,"https://www.google.com/maps/search/?api=1&query=-37.8068373,144.9590448"
d2c83270b5d92986,Peter's Lalor Mall,VIC,,,inner-melbourne,deli,medium,prospect,,,-37.673218,145.016849,Found via OpenStreetMap Overpass,,overpass,,,2026-09-17T13:41:56.585958+00:00,other,Uncategorised / other,other:fallback,"https://www.google.com/maps/search/?api=1&query=-37.673218,145.016849"
9f18facd761e60ba,Pickadeli,VIC,,,inner-melbourne,deli,medium,prospect,+61 3 9696 3160,https://pickadeli.com.au/,-37.832641,144.9559173,Found via OpenStreetMap Overpass,,overpass,,,2026-09-17T13:42:04.134456+00:00,western_premium,Western premium / independent,heuristic:indie_deli,"https://www.google.com/maps/search/?api=1&query=-37.832641,144.9559173"
4fb0e1ff74f85074,Polish Deli,VIC,,,inner-melbourne,deli,medium,prospect,,,-37.8071255,144.9591333,Found via OpenStreetMap Overpass,,overpass,,,2026-09-17T13:42:14.506157+00:00,western_premium,Western premium / independent,heuristic:western,"https://www.google.com/maps/search/?api=1&query=-37.8071255,144.9591333"
f3c0ebc7bd612cd9,Polka Deli,22 Post Office Place VIC,,,inner-melbourne,deli,medium,prospect,,,-37.7043689,144.9159619,Found via OpenStreetMap Overpass,,overpass,,,2026-09-17T13:42:25.958543+00:00,western_premium,Western premium / independent,heuristic:indie_deli,"https://www.google.com/maps/search/?api=1&query=-37.7043689,144.9159619"
b9391ca77e8302db,Pro Health,VIC,,,inner-melbourne,health food,medium,prospect,,,-37.7150974,145.1490566,Found via OpenStreetMap Overpass,,overpass,,,2026-09-17T13:42:13.651150+00:00,western_premium,Western premium / independent,heuristic:western,"https://www.google.com/maps/search/?api=1&query=-37.7150974,145.1490566"
dbaefb46449bab40,Punjab King,VIC,,,inner-melbourne,greengrocer,medium,prospect,,,-37.6794653,145.0138029,Found via OpenStreetMap Overpass,,overpass,,,2026-09-17T13:42:20.992061+00:00,other,Uncategorised / other,other:greengrocer,"https://www.google.com/maps/search/?api=1&query=-37.6794653,145.0138029"
40e541226f50548a,Queen Victoria Market,"Queen Street, Melbourne VIC 3000",Melbourne,3000,inner-melbourne,fresh food market,medium,prospect,,https://www.qvm.com.au,-37.8075,144.9568,Spice & specialty stalls,,seed,,,2026-09-17T13:41:18.806269+00:00,other,Uncategorised / other,override:queen victoria market,"https://www.google.com/maps/search/?api=1&query=-37.8075,144.9568"
7b3c95031dd74c41,Queen Victoria Market,VIC,,,inner-melbourne,marketplace,medium,prospect,,,-37.8070192,144.9569486,Found via OpenStreetMap Overpass,,overpass,,,2026-09-17T13:42:22.377408+00:00,other,Uncategorised / other,override:queen victoria market,"https://www.google.com/maps/search/?api=1&query=-37.8070192,144.9569486"
d6e788ff05cb052d,Queen Victoria Market,VIC,,,inner-melbourne,marketplace,medium,prospect,,,-37.8068586,144.9589531,Found via OpenStreetMap Overpass,,overpass,,,2026-09-17T13:42:22.424915+00:00,other,Uncategorised / other,override:queen victoria market,"https://www.google.com/maps/search/?api=1&query=-37.8068586,144.9589531"
0b233058d719d0cc,Queen Victoria Market,Queen Street Melbourne VIC 3000,Melbourne,3000,inner-melbourne,marketplace,medium,prospect,+61 3 9320 5822,https://qvm.com.au/,-37.8074898,144.9577117,Found via OpenStreetMap Overpass,,overpass,,,2026-09-17T13:42:22.962924+00:00,other,Uncategorised / other,override:queen victoria market,"https://www.google.com/maps/search/?api=1&query=-37.8074898,144.9577117"
b63df907796802d9,Rathdowne Village Delicatessen,378 Rathdowne Street VIC,,,inner-melbourne,deli,medium,prospect,,https://www.rvdeli.com.au/,-37.7885351,144.9723293,Found via OpenStreetMap Overpass,,overpass,,,2026-09-17T13:42:26.260922+00:00,western_premium,Western premium / independent,heuristic:western,"https://www.google.com/maps/search/?api=1&query=-37.7885351,144.9723293"
bd84f2e3e7c8cac6,Ripe,VIC,,,inner-melbourne,deli,medium,prospect,,,-37.8068959,144.9591701,Found via OpenStreetMap Overpass,,overpass,,,2026-09-17T13:42:16.527979+00:00,other,Uncategorised / other,other:fallback,"https://www.google.com/maps/search/?api=1&query=-37.8068959,144.9591701"
0cb4746edba67e22,Rita's Coffee & Nuts,VIC,,,inner-melbourne,deli,medium,prospect,+61 3 9690 4414,,-37.8320738,144.9560002,Found via OpenStreetMap Overpass,,overpass,,,2026-09-17T13:42:05.206925+00:00,other,Uncategorised / other,other:fallback,"https://www.google.com/maps/search/?api=1&query=-37.8320738,144.9560002"
6da778d740f569c4,Rod’s Fruit & Vegetables,VIC,,,inner-melbourne,greengrocer,medium,prospect,+61 402 623 707,,-37.8327321,144.9565423,Found via OpenStreetMap Overpass,,overpass,,,2026-09-17T13:42:03.203359+00:00,other,Uncategorised / other,other:produce,"https://www.google.com/maps/search/?api=1&query=-37.8327321,144.9565423"
da53abf9a54cafd0,Rose Street Artist Market,60 Rose Street Fitzroy VIC 3065,Fitzroy,3065,inner-melbourne,marketplace,medium,prospect,+61 3 9419 5529,https://www.rosestmarket.com.au/,-37.7959296,144.9772234,Found via OpenStreetMap Overpass,,overpass,,,2026-09-17T13:41:51.374379+00:00,other,Uncategorised / other,other:market,"https://www.google.com/maps/search/?api=1&query=-37.7959296,144.9772234"
71067750850f74d4,Rose Street Pantry,48 Rose Street Fitzroy VIC 3065,Fitzroy,3065,inner-melbourne,deli,medium,prospect,+61 3 9416 2888,https://rosestpantry.com.au,-37.7958625,144.9769882,Found via OpenStreetMap Overpass,,overpass,,,2026-09-17T13:42:07.800069+00:00,western_premium,Western premium / independent,heuristic:western,"https://www.google.com/maps/search/?api=1&query=-37.7958625,144.9769882"
eefbcc94eddc70a0,Sacca's Fine Foods,VIC,,,inner-melbourne,greengrocer,medium,prospect,,,-37.6397204,144.9326166,Found via OpenStreetMap Overpass,,overpass,,,2026-09-17T13:41:53.478818+00:00,other,Uncategorised / other,other:greengrocer,"https://www.google.com/maps/search/?api=1&query=-37.6397204,144.9326166"
ae5e788b2e99b139,Sculli Bros,VIC,,,inner-melbourne,greengrocer,medium,prospect,,,-37.70298,145.1031326,Found via OpenStreetMap Overpass,,overpass,,,2026-09-17T13:42:18.761282+00:00,other,Uncategorised / other,other:greengrocer,"https://www.google.com/maps/search/?api=1&query=-37.70298,145.1031326"
0b95a5711b279d31,Serendib Food & Spices,221 Dorset Road Boronia VIC 3155,Boronia,3155,inner-melbourne,spices,medium,prospect,,,-37.8633725,145.2853882,Found via OpenStreetMap Overpass,,overpass,,,2026-09-17T13:42:25.908538+00:00,indian,Indian grocery & spices,override:serendib,"https://www.google.com/maps/search/?api=1&query=-37.8633725,145.2853882"
73c2d9d674b02f32,Skinner & Hackett,400 Rathdowne Street VIC 3054,,3054,inner-melbourne,deli,medium,prospect,,https://www.skinnerandhackett.com.au/,-37.7880262,144.9724628,Found via OpenStreetMap Overpass,,overpass,,,2026-09-17T13:42:26.309407+00:00,other,Uncategorised / other,other:fallback,"https://www.google.com/maps/search/?api=1&query=-37.7880262,144.9724628"
ee8bed43eb30a37f,Small Town Pie Co.,VIC,,,inner-melbourne,deli,medium,prospect,,https://www.smalltownpieco.com.au,-37.8320193,144.9561694,Found via OpenStreetMap Overpass,,overpass,,,2026-09-17T13:42:05.328563+00:00,other,Uncategorised / other,other:fallback,"https://www.google.com/maps/search/?api=1&query=-37.8320193,144.9561694"
c45b3780ac44b8a8,South Melbourne Market,322-326 Coventry Street South Melbourne VIC 3205,South Melbourne,3205,inner-melbourne,marketplace,medium,prospect,+61 3 9209 6295,https://www.southmelbournemarket.com.au/,-37.8323031,144.9565361,Found via OpenStreetMap Overpass,,overpass,,,2026-09-17T13:42:22.492748+00:00,western_premium,Western premium / independent,override:south melbourne market,"https://www.google.com/maps/search/?api=1&query=-37.8323031,144.9565361"
5dddb0bf066d7f0e,South Melbourne Market Organics,VIC,,,inner-melbourne,organic greengrocer,medium,prospect,+61 3 9681 3283,,-37.8325351,144.9572396,Found via OpenStreetMap Overpass,,overpass,,,2026-09-17T13:42:03.114502+00:00,western_premium,Western premium / independent,override:south melbourne market,"https://www.google.com/maps/search/?api=1&query=-37.8325351,144.9572396"
591b0a3056f79935,Spring Street Grocer,157 Spring Street VIC,,,inner-melbourne,deli,medium,prospect,+61 3 9639 0335,https://springstreetgrocer.com.au/,-37.811033,144.972654,Found via OpenStreetMap Overpass,,overpass,,,2026-09-17T13:41:53.445920+00:00,western_premium,Western premium / independent,heuristic:western,"https://www.google.com/maps/search/?api=1&query=-37.811033,144.972654"
a1d1b94ab4d13dc9,St Helena Pasta Deli,VIC,,,inner-melbourne,deli,medium,prospect,,,-37.685102,145.1361864,Found via OpenStreetMap Overpass,,overpass,,,2026-09-17T13:42:08.179080+00:00,western_premium,Western premium / independent,heuristic:indie_deli,"https://www.google.com/maps/search/?api=1&query=-37.685102,145.1361864"
fe7801660796a270,St Kilda Esplanade Market,Esplanade VIC,,,inner-melbourne,marketplace,medium,prospect,+61 3 9209 6634,https://www.stkildaesplanademarket.com.au/,-37.8659583,144.9742591,Found via OpenStreetMap Overpass,,overpass,,,2026-09-17T13:41:55.506011+00:00,other,Uncategorised / other,other:market,"https://www.google.com/maps/search/?api=1&query=-37.8659583,144.9742591"
fcf664f06aea172f,St Kilda Twilight Market,VIC,,,inner-melbourne,marketplace,medium,prospect,,,-37.8676845,144.9776467,Found via OpenStreetMap Overpass,,overpass,,,2026-09-17T13:42:08.576595+00:00,other,Uncategorised / other,other:market,"https://www.google.com/maps/search/?api=1&query=-37.8676845,144.9776467"
0732ba54c28d565c,Sunday Market,VIC,,,inner-melbourne,marketplace,medium,prospect,+61 3 9281 8581,https://www.artscentremelbourne.com.au/visit/sunday-market,-37.8206159,144.9684137,Found via OpenStreetMap Overpass,,overpass,,,2026-09-17T13:42:05.893890+00:00,other,Uncategorised / other,other:produce,"https://www.google.com/maps/search/?api=1&query=-37.8206159,144.9684137"
613845d314ca11a1,Taylors Corner Deli,VIC,,,inner-melbourne,deli,medium,prospect,,,-37.7232931,144.7514453,Found via OpenStreetMap Overpass,,overpass,,,2026-09-17T13:42:02.598850+00:00,western_premium,Western premium / independent,heuristic:indie_deli,"https://www.google.com/maps/search/?api=1&query=-37.7232931,144.7514453"
05077a91480ef6b8,The Basin Pantry,1323 Mountain Highway The Basin VIC 3154,The Basin,3154,inner-melbourne,greengrocer,medium,prospect,+61 423 130 446,https://thebasinpantry.com.au/,-37.8557038,145.3158268,Found via OpenStreetMap Overpass,,overpass,,,2026-09-17T13:41:54.169577+00:00,western_premium,Western premium / independent,heuristic:western,"https://www.google.com/maps/search/?api=1&query=-37.8557038,145.3158268"
9bdd147993f4d0cf,The Corner Larder,VIC,,,inner-melbourne,deli,medium,prospect,,,-37.8068779,144.9590625,Found via OpenStreetMap Overpass,,overpass,,,2026-09-17T13:42:18.041612+00:00,other,Uncategorised / other,other:fallback,"https://www.google.com/maps/search/?api=1&query=-37.8068779,144.9590625"
132c2a7b4b5060f3,The Epicurean,VIC,,,inner-melbourne,deli,medium,prospect,,,-37.8068904,144.9590215,Found via OpenStreetMap Overpass,,overpass,,,2026-09-17T13:42:16.963286+00:00,other,Uncategorised / other,other:fallback,"https://www.google.com/maps/search/?api=1&query=-37.8068904,144.9590215"
475e7a5f23487cac,The French Shop,VIC,,,inner-melbourne,deli,medium,prospect,,,-37.8071922,144.9591609,Found via OpenStreetMap Overpass,,overpass,,,2026-09-17T13:42:16.018236+00:00,western_premium,Western premium / independent,heuristic:western,"https://www.google.com/maps/search/?api=1&query=-37.8071922,144.9591609"
37246c7847bb0301,The Fresh Pasta Shop,VIC,,,inner-melbourne,deli,medium,prospect,+61 3 9682 5009,,-37.8319536,144.9560648,Found via OpenStreetMap Overpass,,overpass,,,2026-09-17T13:42:03.315804+00:00,other,Uncategorised / other,other:fallback,"https://www.google.com/maps/search/?api=1&query=-37.8319536,144.9560648"
37206eb505f31148,The Harvest Store,VIC,,,inner-melbourne,greengrocer,medium,prospect,,,-37.6515341,145.0742371,Found via OpenStreetMap Overpass,,overpass,,,2026-09-17T13:42:11.906811+00:00,other,Uncategorised / other,other:greengrocer,"https://www.google.com/maps/search/?api=1&query=-37.6515341,145.0742371"
e00e79338dc824ee,The Land Of Soy And Honey,VIC,,,inner-melbourne,deli,medium,prospect,,,-37.8070378,144.9590875,Found via OpenStreetMap Overpass,,overpass,,,2026-09-17T13:42:16.905828+00:00,other,Uncategorised / other,other:fallback,"https://www.google.com/maps/search/?api=1&query=-37.8070378,144.9590875"
fd6471a2e44edd16,The Other Side,227 Clarendon Street South Melbourne VIC 3205,South Melbourne,3205,inner-melbourne,wholesale,medium,prospect,,,-37.8312312,144.9600062,Found via OpenStreetMap Overpass,,overpass,,,2026-09-17T13:42:15.271658+00:00,other,Uncategorised / other,other:fallback,"https://www.google.com/maps/search/?api=1&query=-37.8312312,144.9600062"
30c36b192b7dce98,The Queen Vic Deli,VIC,,,inner-melbourne,deli,medium,prospect,,,-37.8069221,144.9590979,Found via OpenStreetMap Overpass,,overpass,,,2026-09-17T13:42:17.166360+00:00,western_premium,Western premium / independent,heuristic:indie_deli,"https://www.google.com/maps/search/?api=1&query=-37.8069221,144.9590979"
e6e3a3731b40834c,The Source Bulk Foods Fitzroy,"251 Smith Street, Fitzroy VIC 3065",Fitzroy,3065,inner-melbourne,bulk / wholefoods,medium,prospect,,https://www.thesourcebulkfoods.com.au,-37.7992,144.9838,Bulk wholefoods,,seed,,,2026-09-17T13:41:19.057154+00:00,western_premium,Western premium / independent,override:the source bulk,"https://www.google.com/maps/search/?api=1&query=-37.7992,144.9838"
bd30dd97e82e2ecf,The Traditional Pasta Shop,VIC,,,inner-melbourne,deli,medium,prospect,,,-37.8071603,144.9591442,Found via OpenStreetMap Overpass,,overpass,,,2026-09-17T13:42:16.687813+00:00,other,Uncategorised / other,other:fallback,"https://www.google.com/maps/search/?api=1&query=-37.8071603,144.9591442"
f17f6d783e849797,Thrive,VIC,,,inner-melbourne,health food,medium,prospect,+61 406 109 204,,-38.2206433,145.0398032,Found via OpenStreetMap Overpass,,overpass,,,2026-09-17T13:42:19.877113+00:00,western_premium,Western premium / independent,heuristic:western,"https://www.google.com/maps/search/?api=1&query=-38.2206433,145.0398032"
33aa3736d85760d2,Thrive Bulk Wholefoods,VIC,,,inner-melbourne,health food,medium,prospect,,,-37.7137218,145.1488071,Found via OpenStreetMap Overpass,,overpass,,,2026-09-17T13:42:13.346843+00:00,western_premium,Western premium / independent,heuristic:western,"https://www.google.com/maps/search/?api=1&query=-37.7137218,145.1488071"
cabb200979733e4b,Tribal Tastes,VIC,,,inner-melbourne,deli,medium,prospect,,https://www.tribaltastes.com.au/,-37.8067674,144.9591701,Found via OpenStreetMap Overpass,,overpass,,,2026-09-17T13:42:14.442829+00:00,other,Uncategorised / other,other:fallback,"https://www.google.com/maps/search/?api=1&query=-37.8067674,144.9591701"
19f91076a0b6fca7,Trio Syrian Cuisine,339 Lygon Street VIC,,,inner-melbourne,deli,medium,prospect,+61 3 9042 1155,,-37.7973407,144.9672993,Found via OpenStreetMap Overpass,,overpass,,,2026-09-17T13:42:03.477820+00:00,other,Uncategorised / other,other:fallback,"https://www.google.com/maps/search/?api=1&query=-37.7973407,144.9672993"
4e0dc525e980c70e,Vangeli's Deli,VIC,,,inner-melbourne,deli,medium,prospect,+61 3 9699 1284,,-37.8325553,144.956217,Found via OpenStreetMap Overpass,,overpass,,,2026-09-17T13:42:03.628561+00:00,western_premium,Western premium / independent,heuristic:indie_deli,"https://www.google.com/maps/search/?api=1&query=-37.8325553,144.956217"
49478928f61b881e,Wholesale Fruit & Vegetables,85 Victoria Street VIC,,,inner-melbourne,greengrocer,medium,prospect,,,-37.798841,144.977468,Found via OpenStreetMap Overpass,,overpass,,,2026-09-17T13:41:51.466937+00:00,other,Uncategorised / other,other:produce,"https://www.google.com/maps/search/?api=1&query=-37.798841,144.977468"
25de743c1cbe03b5,XD Fresh,604 Swanston Street Carlton VIC 3053,Carlton,3053,inner-melbourne,greengrocer,medium,prospect,,,-37.8024049,144.9641798,Found via OpenStreetMap Overpass,,overpass,,,2026-09-17T13:42:18.077858+00:00,other,Uncategorised / other,other:greengrocer,"https://www.google.com/maps/search/?api=1&query=-37.8024049,144.9641798"
c65c8b4b23b284e3,Friends of the Earth Food Co-op,"312 Smith Street, Collingwood VIC 3066",Collingwood,3066,inner-melbourne,organic / co-op,high,prospect,,,-37.798,144.9845,Values-aligned organic co-op,,seed,,,2026-09-17T13:41:19.504846+00:00,western_premium,Western premium / independent,override:friends of the earth,"https://www.google.com/maps/search/?api=1&query=-37.798,144.9845"
3bbfd7b1157aa8b3,Organic Wholefoods,"277 Smith Street, Fitzroy VIC 3065",Fitzroy,3065,inner-melbourne,organic grocery,high,prospect,,,-37.7985,144.9835,Long-running organic independent,,seed,,,2026-09-17T13:38:26.257159+00:00,western_premium,Western premium / independent,override:organic wholefoods,"https://www.google.com/maps/search/?api=1&query=-37.7985,144.9835"
992debe30f483388,Organic Wholefoods Fitzroy,"277 Smith Street, Fitzroy VIC 3065",Fitzroy,3065,inner-melbourne,organic grocery,high,prospect,,,-37.7985,144.9835,Independent organic grocery,,seed,,,2026-09-17T13:41:17.665114+00:00,western_premium,Western premium / independent,override:organic wholefoods,"https://www.google.com/maps/search/?api=1&query=-37.7985,144.9835"
bafe5597604df3b7,Prahran Market,"163 Commercial Road, South Yarra VIC 3141",South Yarra,3141,inner-melbourne,fresh food market,high,prospect,,https://www.prahranmarket.com.au,-37.8462,144.9928,Premium food precinct,,seed,,,2026-09-17T13:41:18.761403+00:00,western_premium,Western premium / independent,override:prahran market,"https://www.google.com/maps/search/?api=1&query=-37.8462,144.9928"
69b8d69832a93531,South Melbourne Market,"Cecil Street & Coventry Street, South Melbourne VIC 3205",South Melbourne,3205,inner-melbourne,fresh food market,high,prospect,,https://www.southmelbournemarket.com.au,-37.8325,144.9565,Premium produce & specialty stalls,,seed,,,2026-09-17T13:41:18.694159+00:00,western_premium,Western premium / independent,override:south melbourne market,"https://www.google.com/maps/search/?api=1&query=-37.8325,144.9565"
0bc7923fa663fc7a,The Essential Ingredient,"Murray Street, Prahran VIC 3181",Prahran,3181,inner-melbourne,gourmet / specialty foods,high,prospect,,https://www.essentialingredient.com.au,-37.8465,144.9925,Premium cooking ingredients & spices,,seed,,,2026-09-17T13:38:26.390833+00:00,western_premium,Western premium / independent,override:essential ingredient,"https://www.google.com/maps/search/?api=1&query=-37.8465,144.9925"
cbd008b49c8719ec,The Essential Ingredient Prahran,"4 Murray Street, Prahran VIC 3181",Prahran,3181,inner-melbourne,gourmet / specialty foods,high,prospect,,https://www.essentialingredient.com.au,-37.847,144.9928,Premium cooking ingredients & spices,,seed,,,2026-09-17T13:41:17.607006+00:00,western_premium,Western premium / independent,override:essential ingredient,"https://www.google.com/maps/search/?api=1&query=-37.847,144.9928"
15dcc8b7b1a32e4d,Aegean Foods,VIC,,,north,deli,medium,prospect,+61 3 9478 5243,,-37.7387812,145.0013741,Found via OpenStreetMap Overpass,,overpass,,,2026-09-17T13:41:57.857786+00:00,other,Uncategorised / other,other:fallback,"https://www.google.com/maps/search/?api=1&query=-37.7387812,145.0013741"
0dcd26095163359e,Athina's Deli,28 The Centreway Preston VIC 3072,Preston,3072,north,deli,medium,prospect,,,-37.7387952,145.0015213,Found via OpenStreetMap Overpass,,overpass,,,2026-09-17T13:41:54.397848+00:00,western_premium,Western premium / independent,heuristic:indie_deli,"https://www.google.com/maps/search/?api=1&query=-37.7387952,145.0015213"
6ed2ec7e35ddec7b,Bippi Foods,1 Wangim Way Coburg North VIC 3058,Coburg North,3058,north,deli,medium,prospect,,https://www.bippifoods.com/,-37.7260193,144.9717358,Found via OpenStreetMap Overpass,,overpass,,,2026-09-17T13:42:12.562852+00:00,other,Uncategorised / other,other:fallback,"https://www.google.com/maps/search/?api=1&query=-37.7260193,144.9717358"
b077fac41a82a55d,Biviano and Sons,98-100 Station Street Fairfield VIC 3078,Fairfield,3078,north,greengrocer,medium,prospect,+61 3 9489 0087,https://www.bivianoandsons.com.au/,-37.7778038,145.0181267,Found via OpenStreetMap Overpass,,overpass,,,2026-09-17T13:41:57.959489+00:00,other,Uncategorised / other,other:greengrocer,"https://www.google.com/maps/search/?api=1&query=-37.7778038,145.0181267"
a68d9cc39ca5c989,Bologna Smallgoods,VIC,,,north,deli,medium,prospect,,,-37.7169188,145.0060366,Found via OpenStreetMap Overpass,,overpass,,,2026-09-17T13:42:24.066830+00:00,western_premium,Western premium / independent,heuristic:western,"https://www.google.com/maps/search/?api=1&query=-37.7169188,145.0060366"
8a43e0974e043fa1,Brunswick Kitchen,288 Albert Street VIC,,,north,deli,medium,prospect,+61 422 778 442,https://www.brunswickkitchen.com.au/,-37.7688585,144.9608445,Found via OpenStreetMap Overpass,,overpass,,,2026-09-17T13:42:05.537230+00:00,other,Uncategorised / other,other:fallback,"https://www.google.com/maps/search/?api=1&query=-37.7688585,144.9608445"
7ef73dd931b56dc8,Brunswick Market,VIC,,,north,greengrocer,medium,prospect,,,-37.7435461,144.9657496,Found via OpenStreetMap Overpass,,overpass,,,2026-09-17T13:41:54.200285+00:00,other,Uncategorised / other,other:greengrocer,"https://www.google.com/maps/search/?api=1&query=-37.7435461,144.9657496"
bc65ef65e0fe79bc,Bundoora Fine Fruits,VIC,,,north,greengrocer,medium,prospect,,,-37.6966312,145.0584882,Found via OpenStreetMap Overpass,,overpass,,,2026-09-17T13:42:01.919009+00:00,other,Uncategorised / other,other:greengrocer,"https://www.google.com/maps/search/?api=1&query=-37.6966312,145.0584882"
707937d9ecb5e1f0,C & H Fruit and Vegetables,The Centreway Preston VIC 3072,Preston,3072,north,greengrocer,medium,prospect,,,-37.7390622,145.0029818,Found via OpenStreetMap Overpass,,overpass,,,2026-09-17T13:41:58.779326+00:00,other,Uncategorised / other,other:produce,"https://www.google.com/maps/search/?api=1&query=-37.7390622,145.0029818"
151f338791f1a1a5,CERES Fair Food / organic retail,"Corner Roberts & Stewart Streets, Brunswick East VIC 3057",Brunswick East,3057,north,organic / community,medium,prospect,,https://ceres.org.au,-37.7655,144.9805,Organic / ethical retail environment,,seed,,,2026-09-17T13:41:19.608502+00:00,western_premium,Western premium / independent,override:ceres,"https://www.google.com/maps/search/?api=1&query=-37.7655,144.9805"
6e4a08bd47a52723,Camuglia and Sons,The Centreway Preston VIC 3072,Preston,3072,north,greengrocer,medium,prospect,,,-37.7390269,145.0025628,Found via OpenStreetMap Overpass,,overpass,,,2026-09-17T13:41:58.601654+00:00,other,Uncategorised / other,other:greengrocer,"https://www.google.com/maps/search/?api=1&query=-37.7390269,145.0025628"
3a15a5cacf7f6293,Casa Iberica Smallgoods,154 Fulham Road VIC,,,north,deli,medium,prospect,,,-37.7695353,145.0281763,Found via OpenStreetMap Overpass,,overpass,,,2026-09-17T13:42:06.741876+00:00,western_premium,Western premium / independent,override:casa iberica,"https://www.google.com/maps/search/?api=1&query=-37.7695353,145.0281763"
ca3a0dfd45da0776,Ceres Makers and Flea Market,VIC,,,north,marketplace,medium,prospect,,https://ceres.org.au/makers-and-flea-market/,-37.7657925,144.9834059,Found via OpenStreetMap Overpass,,overpass,,,2026-09-17T13:42:01.893460+00:00,western_premium,Western premium / independent,override:ceres,"https://www.google.com/maps/search/?api=1&query=-37.7657925,144.9834059"
33050a7bfd5d68f5,Chau Tan Hung Grocery,The Centreway VIC,,,north,greengrocer,medium,prospect,+61 3 9478 7129,,-37.7389196,145.002914,Found via OpenStreetMap Overpass,,overpass,,,2026-09-17T13:41:58.514137+00:00,other,Uncategorised / other,other:greengrocer,"https://www.google.com/maps/search/?api=1&query=-37.7389196,145.002914"
069d39b061762fdb,Cheesecake Shop,VIC,,,north,deli,medium,prospect,,,-37.7191608,145.0382024,Found via OpenStreetMap Overpass,,overpass,,,2026-09-17T13:41:54.880191+00:00,western_premium,Western premium / independent,heuristic:specialty_deli,"https://www.google.com/maps/search/?api=1&query=-37.7191608,145.0382024"
246838fc70d94cc2,Coburg Farmers Market,VIC,,,north,marketplace,medium,prospect,,https://mfm.com.au/pages/coburg-farmers-market,-37.7405127,144.9682917,Found via OpenStreetMap Overpass,,overpass,,,2026-09-17T13:42:10.981857+00:00,other,Uncategorised / other,other:produce,"https://www.google.com/maps/search/?api=1&query=-37.7405127,144.9682917"
694ebf07f24eaa24,Coburg Health Shop,461 Sydney Road VIC,,,north,health food,medium,prospect,+61 3 9354 8007,,-37.7423628,144.9662565,Found via OpenStreetMap Overpass,,overpass,,,2026-09-17T13:42:19.787643+00:00,western_premium,Western premium / independent,heuristic:western,"https://www.google.com/maps/search/?api=1&query=-37.7423628,144.9662565"
47d116fac5a1a544,Danny Balboas's Deli,869 Sydney Road VIC 3056,,3056,north,deli,medium,prospect,,,-37.7557831,144.9639332,Found via OpenStreetMap Overpass,,overpass,,,2026-09-17T13:42:11.788204+00:00,western_premium,Western premium / independent,heuristic:indie_deli,"https://www.google.com/maps/search/?api=1&query=-37.7557831,144.9639332"
bf2a75606abe51be,David Bros Grocer,10A Village Avenue VIC,,,north,greengrocer,medium,prospect,,https://www.davidbros.com.au/,-37.7718134,144.9784371,Found via OpenStreetMap Overpass,,overpass,,,2026-09-17T13:42:19.747566+00:00,western_premium,Western premium / independent,heuristic:western,"https://www.google.com/maps/search/?api=1&query=-37.7718134,144.9784371"
c3ed80e8482846e1,Deli+,Preston VIC 3072,Preston,3072,north,deli,medium,prospect,,,-37.7391004,145.0022147,Found via OpenStreetMap Overpass,,overpass,,,2026-09-17T13:41:58.185481+00:00,western_premium,Western premium / independent,heuristic:indie_deli,"https://www.google.com/maps/search/?api=1&query=-37.7391004,145.0022147"
19823ce762340b9f,Demaria's,VIC,,,north,greengrocer,medium,prospect,,,-37.7646854,144.922277,Found via OpenStreetMap Overpass,,overpass,,,2026-09-17T13:42:05.995325+00:00,western_premium,Western premium / independent,override:demaria,"https://www.google.com/maps/search/?api=1&query=-37.7646854,144.922277"
eddac2dbde007f65,Egg and Pure Honey,Preston VIC 3072,Preston,3072,north,greengrocer,medium,prospect,,,-37.7391414,145.0026613,Found via OpenStreetMap Overpass,,overpass,,,2026-09-17T13:41:58.858822+00:00,other,Uncategorised / other,other:greengrocer,"https://www.google.com/maps/search/?api=1&query=-37.7391414,145.0026613"
6a2844cda2ca07d2,Elite Pallets,VIC,,,north,wholesale,medium,prospect,,,-37.6925092,145.0207972,Found via OpenStreetMap Overpass,,overpass,,,2026-09-17T13:42:22.140683+00:00,other,Uncategorised / other,other:fallback,"https://www.google.com/maps/search/?api=1&query=-37.6925092,145.0207972"
c3f8719b307c5fc5,F.O.Y Fresh On Young,VIC,,,north,greengrocer,medium,prospect,,,-37.7442971,144.9640726,Found via OpenStreetMap Overpass,,overpass,,,2026-09-17T13:42:20.022910+00:00,other,Uncategorised / other,other:greengrocer,"https://www.google.com/maps/search/?api=1&query=-37.7442971,144.9640726"
b9351c27e21f82c9,Farinacci Deli,Preston VIC 3072,Preston,3072,north,deli,medium,prospect,,,-37.7390913,145.0023321,Found via OpenStreetMap Overpass,,overpass,,,2026-09-17T13:41:58.287137+00:00,western_premium,Western premium / independent,heuristic:indie_deli,"https://www.google.com/maps/search/?api=1&query=-37.7390913,145.0023321"
2c8129902ded1883,Fawkner Fresh,VIC,,,north,greengrocer,medium,prospect,,,-37.7024493,144.96531,Found via OpenStreetMap Overpass,,overpass,,,2026-09-17T13:41:53.774164+00:00,other,Uncategorised / other,other:greengrocer,"https://www.google.com/maps/search/?api=1&query=-37.7024493,144.96531"
80cc29b6fb5086a9,Four Leaves Cafe Food Store,37 Greville Road VIC,,,north,deli,medium,prospect,,https://fourleavescafe.com/,-37.7460272,145.0766858,Found via OpenStreetMap Overpass,,overpass,,,2026-09-17T13:42:27.612543+00:00,other,Uncategorised / other,other:fallback,"https://www.google.com/maps/search/?api=1&query=-37.7460272,145.0766858"
06a7104bf0b4316a,Fresh Fruit Market,VIC,,,north,greengrocer,medium,prospect,,,-37.7160088,145.0043749,Found via OpenStreetMap Overpass,,overpass,,,2026-09-17T13:42:05.560451+00:00,other,Uncategorised / other,other:produce,"https://www.google.com/maps/search/?api=1&query=-37.7160088,145.0043749"
09658a22f4e1e069,Front Cover,838-840 High Street Thornbury VIC 3071,Thornbury,3071,north,wholesale,medium,prospect,+61 3 9826 1888,https://www.frontcover.com.au/melbourne-wholesale-fashion/,-37.7527595,145.0018293,Found via OpenStreetMap Overpass,,overpass,,,2026-09-17T13:42:24.161789+00:00,other,Uncategorised / other,other:noise,"https://www.google.com/maps/search/?api=1&query=-37.7527595,145.0018293"
e0b632dcaab9e66c,Fruit and Vegetables,92 McFadzean Avenue Reservoir VIC 3073,Reservoir,3073,north,greengrocer,medium,prospect,,,-37.6998766,144.9965132,Found via OpenStreetMap Overpass,,overpass,,,2026-09-17T13:41:59.243943+00:00,other,Uncategorised / other,other:produce,"https://www.google.com/maps/search/?api=1&query=-37.6998766,144.9965132"
60ef8a07aafcb191,Gabbin Paper Tubes,VIC,,,north,wholesale,medium,prospect,,,-37.6922456,145.0207336,Found via OpenStreetMap Overpass,,overpass,,,2026-09-17T13:42:22.059630+00:00,other,Uncategorised / other,other:fallback,"https://www.google.com/maps/search/?api=1&query=-37.6922456,145.0207336"
9529847baade6907,Gangemi's Fruit & Vegetables,VIC,,,north,greengrocer,medium,prospect,,,-37.7757239,144.9626482,Found via OpenStreetMap Overpass,,overpass,,,2026-09-17T13:41:53.978919+00:00,other,Uncategorised / other,other:produce,"https://www.google.com/maps/search/?api=1&query=-37.7757239,144.9626482"
34532019060717eb,Gencarelli Fruit Supplies,The Centreway Preston VIC 3072,Preston,3072,north,greengrocer,medium,prospect,,,-37.7390488,145.0028524,Found via OpenStreetMap Overpass,,overpass,,,2026-09-17T13:41:58.699486+00:00,other,Uncategorised / other,other:produce,"https://www.google.com/maps/search/?api=1&query=-37.7390488,145.0028524"
48201543720d307c,Glassware Imports,2 Dairy Drive Coburg North VIC 3058,Coburg North,3058,north,wholesale,medium,prospect,+61 3 9354 0735,https://glasswareimports.com.au/,-37.7218668,144.9757665,Found via OpenStreetMap Overpass,,overpass,,,2026-09-17T13:42:26.575296+00:00,other,Uncategorised / other,other:noise,"https://www.google.com/maps/search/?api=1&query=-37.7218668,144.9757665"
af06a097e6b1d85f,Gnoccheria,89B Harding Street VIC,,,north,deli,medium,prospect,,https://www.tmhpastas.com.au/,-37.7458576,144.9747585,Found via OpenStreetMap Overpass,,overpass,,,2026-09-17T13:42:11.239606+00:00,other,Uncategorised / other,other:fallback,"https://www.google.com/maps/search/?api=1&query=-37.7458576,144.9747585"
4e6bf62dbc5cf0a9,Grana,331 Lygon Street VIC 3057,,3057,north,deli,medium,prospect,,https://granadeli.com/,-37.7682834,144.9721498,Found via OpenStreetMap Overpass,,overpass,,,2026-09-17T13:42:12.705801+00:00,other,Uncategorised / other,other:fallback,"https://www.google.com/maps/search/?api=1&query=-37.7682834,144.9721498"
19fc65578be51268,Grania,VIC,,,north,spices,medium,prospect,,,-37.7645227,144.9216576,Found via OpenStreetMap Overpass,,overpass,,,2026-09-17T13:42:06.545109+00:00,indian,Indian grocery & spices,override:grania,"https://www.google.com/maps/search/?api=1&query=-37.7645227,144.9216576"
f8e42d8f4d59af30,Heidelberg Fruit and Vegetable Market,VIC,,,north,greengrocer,medium,prospect,,,-37.7491049,145.0423278,Found via OpenStreetMap Overpass,,overpass,,,2026-09-17T13:41:52.010140+00:00,other,Uncategorised / other,other:produce,"https://www.google.com/maps/search/?api=1&query=-37.7491049,145.0423278"
e051092814bcb7f1,Hongfa International,405 Victoria Street VIC,,,north,wholesale,medium,prospect,,,-37.7658731,144.9551041,Found via OpenStreetMap Overpass,,overpass,,,2026-09-17T13:42:20.246372+00:00,other,Uncategorised / other,other:fallback,"https://www.google.com/maps/search/?api=1&query=-37.7658731,144.9551041"
145adca431afd169,Indian Sri Lankan Groceries,VIC,,,north,greengrocer,medium,prospect,,,-37.7657053,144.9215925,Found via OpenStreetMap Overpass,,overpass,,,2026-09-17T13:42:02.798416+00:00,indian,Indian grocery & spices,override:indian sri lankan,"https://www.google.com/maps/search/?api=1&query=-37.7657053,144.9215925"
e7142af2395576e2,Italiano's,403-407 Sydney Road VIC 3056,,3056,north,greengrocer,medium,prospect,+61 3 9380 1909,,-37.7678688,144.9618463,Found via OpenStreetMap Overpass,,overpass,,,2026-09-17T13:42:04.901285+00:00,other,Uncategorised / other,other:greengrocer,"https://www.google.com/maps/search/?api=1&query=-37.7678688,144.9618463"
460ba7544dd5da06,Ivanhoe Health Store,VIC,,,north,health food,medium,prospect,,,-37.7695249,145.0416992,Found via OpenStreetMap Overpass,,overpass,,,2026-09-17T13:42:08.334441+00:00,western_premium,Western premium / independent,heuristic:western,"https://www.google.com/maps/search/?api=1&query=-37.7695249,145.0416992"
47f6ca3c0f3ce041,Ivanhoe specialty foods strip,"Upper Heidelberg Road, Ivanhoe VIC 3079",Ivanhoe,3079,north,gourmet strip,medium,prospect,,,-37.7685,145.0445,Affluent independent strip,,seed,,,2026-09-17T13:41:19.866561+00:00,western_premium,Western premium / independent,override:ivanhoe specialty,"https://www.google.com/maps/search/?api=1&query=-37.7685,145.0445"
4ea191eb7a8fc283,J & M Fruit Supply,Preston VIC 3072,Preston,3072,north,greengrocer,medium,prospect,,,-37.7391682,145.0029017,Found via OpenStreetMap Overpass,,overpass,,,2026-09-17T13:41:59.059591+00:00,other,Uncategorised / other,other:produce,"https://www.google.com/maps/search/?api=1&query=-37.7391682,145.0029017"
310504dd16fa3d06,J & T Vasilevski Fruit and Vegetables,The Centreway Preston VIC 3072,Preston,3072,north,greengrocer,medium,prospect,,,-37.7388928,145.0025705,Found via OpenStreetMap Overpass,,overpass,,,2026-09-17T13:41:58.437456+00:00,other,Uncategorised / other,other:produce,"https://www.google.com/maps/search/?api=1&query=-37.7388928,145.0025705"
fdf8ec353870c21d,Jerry's Deli,Preston VIC 3072,Preston,3072,north,deli,medium,prospect,+61 3 9478 7046,,-37.7392709,145.0023038,Found via OpenStreetMap Overpass,,overpass,,,2026-09-17T13:41:57.797158+00:00,western_premium,Western premium / independent,heuristic:indie_deli,"https://www.google.com/maps/search/?api=1&query=-37.7392709,145.0023038"
4b111a2e510a05db,Keep It Fresh,VIC,,,north,greengrocer,medium,prospect,,,-37.7691162,145.0004366,Found via OpenStreetMap Overpass,,overpass,,,2026-09-17T13:41:51.890014+00:00,other,Uncategorised / other,other:greengrocer,"https://www.google.com/maps/search/?api=1&query=-37.7691162,145.0004366"
f491d0600a73ba02,Kingsbury Drive Community Market,VIC,,,north,marketplace,medium,prospect,+61 3 9435 8282,https://www.dvcsmarkets.com.au/kingsbury-drive-community-market,-37.7247557,145.0505436,Found via OpenStreetMap Overpass,,overpass,,,2026-09-17T13:42:10.675029+00:00,other,Uncategorised / other,other:market,"https://www.google.com/maps/search/?api=1&query=-37.7247557,145.0505436"
74e466c3fe701e7b,La Tosca Foods,92-100 Holmes Street VIC,,,north,deli,medium,prospect,+61 3 9384 6622,https://www.latoscafoods.com.au/,-37.7573414,144.9749094,Found via OpenStreetMap Overpass,,overpass,,,2026-09-17T13:42:04.951214+00:00,other,Uncategorised / other,other:fallback,"https://www.google.com/maps/search/?api=1&query=-37.7573414,144.9749094"
025489f315b02e0f,Lemnos Deli,VIC,,,north,deli,medium,prospect,,,-37.739283,145.0022209,Found via OpenStreetMap Overpass,,overpass,,,2026-09-17T13:42:13.132649+00:00,western_premium,Western premium / independent,heuristic:indie_deli,"https://www.google.com/maps/search/?api=1&query=-37.739283,145.0022209"
5a51afc81f6f9018,Mariluci,VIC,,,north,deli,medium,prospect,,,-37.7038261,145.0070241,Found via OpenStreetMap Overpass,,overpass,,,2026-09-17T13:41:57.570387+00:00,other,Uncategorised / other,other:fallback,"https://www.google.com/maps/search/?api=1&query=-37.7038261,145.0070241"
2e41578ef4ed97cc,Mariluci Fine Food and Specialties,VIC,,,north,deli,medium,prospect,,,-37.7392103,145.0022297,Found via OpenStreetMap Overpass,,overpass,,,2026-09-17T13:42:13.096939+00:00,western_premium,Western premium / independent,heuristic:western,"https://www.google.com/maps/search/?api=1&query=-37.7392103,145.0022297"
3860495f2ac3a122,Mother's Pantry,VIC,,,north,deli,medium,prospect,,,-37.7648063,144.9220114,Found via OpenStreetMap Overpass,,overpass,,,2026-09-17T13:42:06.104819+00:00,western_premium,Western premium / independent,heuristic:western,"https://www.google.com/maps/search/?api=1&query=-37.7648063,144.9220114"
0719f42d476a03da,Northcote / High Street organic & gourmet strip,"High Street, Northcote VIC 3070",Northcote,3070,north,gourmet / organic strip,medium,prospect,,,-37.7705,144.9995,Walk High St for independents,,seed,,,2026-09-17T13:41:19.804448+00:00,western_premium,Western premium / independent,override:northcote / high street organic,"https://www.google.com/maps/search/?api=1&query=-37.7705,144.9995"
782ff88df8fc9c68,Nutrition Warehouse,VIC,,,north,health food,medium,prospect,,,-37.7262955,144.9633318,Found via OpenStreetMap Overpass,,overpass,,,2026-09-17T13:42:16.191953+00:00,western_premium,Western premium / independent,heuristic:western,"https://www.google.com/maps/search/?api=1&query=-37.7262955,144.9633318"
9bbdb470d086b0bc,Oranges & Lemons,132 Weston Street VIC,,,north,wholesale,medium,prospect,+61 3 9329 9587,https://orangesandlemons.com.au/,-37.7761485,144.9722358,Found via OpenStreetMap Overpass,,overpass,,,2026-09-17T13:42:06.449064+00:00,other,Uncategorised / other,other:noise,"https://www.google.com/maps/search/?api=1&query=-37.7761485,144.9722358"
b49c3821ffd639f2,Organic Grocery,"Organic Grocery, Honey Lane, Brunswick East, Melbourne, Victoria, 3057, Australia",Brunswick East,3057,north,convenience / shop,medium,prospect,,,-37.7655895,144.9832705,Nominatim: organic grocery Brunswick Victoria,,nominatim,,,2026-09-17T13:45:31.432574+00:00,western_premium,Western premium / independent,heuristic:western,"https://www.google.com/maps/search/?api=1&query=-37.7655895,144.9832705"
bf3c1bdbdb7f17f8,Pasta Poetry,86 Station Street Fairfield VIC 3078,Fairfield,3078,north,deli,medium,prospect,,,-37.778472,145.0180311,Found via OpenStreetMap Overpass,,overpass,,,2026-09-17T13:41:55.179484+00:00,other,Uncategorised / other,other:fallback,"https://www.google.com/maps/search/?api=1&query=-37.778472,145.0180311"
4dc8d88969e25df7,Peter Watson,739 Sydney Road Brunswick VIC 3056,Brunswick,3056,north,deli,medium,prospect,+61 3 9417 0209,,-37.7595472,144.9632822,Found via OpenStreetMap Overpass,,overpass,,,2026-09-17T13:41:54.803431+00:00,other,Uncategorised / other,other:fallback,"https://www.google.com/maps/search/?api=1&query=-37.7595472,144.9632822"
9886514fce9115f9,Plaza Deli,VIC,,,north,deli,medium,prospect,,,-37.7677496,145.0017877,Found via OpenStreetMap Overpass,,overpass,,,2026-09-17T13:41:54.998409+00:00,western_premium,Western premium / independent,heuristic:indie_deli,"https://www.google.com/maps/search/?api=1&query=-37.7677496,145.0017877"
cac19dc2e5e7d994,Preston Market,VIC,,,north,mall,medium,prospect,,https://www.prestonmarket.com.au/,-37.7389668,145.0019879,Found via OpenStreetMap Overpass,,overpass,,,2026-09-17T13:42:23.181476+00:00,other,Uncategorised / other,override:preston market,"https://www.google.com/maps/search/?api=1&query=-37.7389668,145.0019879"
dca323a47a5d3942,Preston Market Health Foods,237 Earle Street Preston VIC 3072,Preston,3072,north,health food,medium,prospect,,,-37.7393844,145.0020456,Found via OpenStreetMap Overpass,,overpass,,,2026-09-17T13:41:54.580556+00:00,other,Uncategorised / other,override:preston market,"https://www.google.com/maps/search/?api=1&query=-37.7393844,145.0020456"
dd655a63788d254b,Reservoir Fresh,VIC,,,north,greengrocer,medium,prospect,,,-37.7148228,145.0073415,Found via OpenStreetMap Overpass,,overpass,,,2026-09-17T13:42:21.977387+00:00,other,Uncategorised / other,other:greengrocer,"https://www.google.com/maps/search/?api=1&query=-37.7148228,145.0073415"
1190ce532ee32878,Rhubarb Rhubarb Organics,Pam Lane VIC,,,north,greengrocer,medium,prospect,+61 3 9478 7344,https://rhubarborganics.com.au/,-37.7385979,145.0017086,Found via OpenStreetMap Overpass,,overpass,,,2026-09-17T13:42:05.734633+00:00,other,Uncategorised / other,other:greengrocer,"https://www.google.com/maps/search/?api=1&query=-37.7385979,145.0017086"
a95856c5ea0b1699,Ryan's Garden Markets,VIC,,,north,greengrocer,medium,prospect,,,-37.769045,145.000566,Found via OpenStreetMap Overpass,,overpass,,,2026-09-17T13:41:55.085307+00:00,other,Uncategorised / other,other:greengrocer,"https://www.google.com/maps/search/?api=1&query=-37.769045,145.000566"
5923251ba0ee9b87,Shoku Iku Australia,120 High Street VIC,,,north,deli,medium,prospect,+61 403 569 019,https://shokuikuaustralia.com/,-37.7792499,144.9971631,Found via OpenStreetMap Overpass,,overpass,,,2026-09-17T13:42:05.658508+00:00,other,Uncategorised / other,other:fallback,"https://www.google.com/maps/search/?api=1&query=-37.7792499,144.9971631"
4a981d7205bf7f4c,Slavonija Deli,Preston VIC 3072,Preston,3072,north,deli,medium,prospect,,,-37.7393424,145.0022084,Found via OpenStreetMap Overpass,,overpass,,,2026-09-17T13:41:59.163699+00:00,western_premium,Western premium / independent,heuristic:indie_deli,"https://www.google.com/maps/search/?api=1&query=-37.7393424,145.0022084"
928f12310767f262,Suburban Fruit Market,36 The Mall VIC 3081,,3081,north,greengrocer,medium,prospect,,,-37.7488568,145.042706,Found via OpenStreetMap Overpass,,overpass,,,2026-09-17T13:41:52.115251+00:00,other,Uncategorised / other,other:produce,"https://www.google.com/maps/search/?api=1&query=-37.7488568,145.042706"
0f2873f254811ee7,Superhuman Food Store,15 Hope Street Brunswick VIC 3056,Brunswick,3056,north,health food,medium,prospect,,https://www.facebook.com/Superhumanaustralia/,-37.764227,144.9607577,Found via OpenStreetMap Overpass,,overpass,,,2026-09-17T13:41:51.699422+00:00,western_premium,Western premium / independent,heuristic:western,"https://www.google.com/maps/search/?api=1&query=-37.764227,144.9607577"
be1e882b75b179e4,The Deli Coburg,401 Sydney Road VIC,,,north,deli,medium,prospect,+61 3 9354 2056,https://thedelicoburg.com.au/,-37.7441486,144.9659166,Found via OpenStreetMap Overpass,,overpass,,,2026-09-17T13:42:04.378852+00:00,western_premium,Western premium / independent,heuristic:indie_deli,"https://www.google.com/maps/search/?api=1&query=-37.7441486,144.9659166"
3c268e2e580cc94e,The Froot Shop,VIC,,,north,greengrocer,medium,prospect,,,-37.7683389,145.0412307,Found via OpenStreetMap Overpass,,overpass,,,2026-09-17T13:42:07.501593+00:00,other,Uncategorised / other,other:greengrocer,"https://www.google.com/maps/search/?api=1&query=-37.7683389,145.0412307"
2e57a8bc8c8c2a09,The Fruit Station,VIC,,,north,greengrocer,medium,prospect,,,-37.7388991,145.0027186,Found via OpenStreetMap Overpass,,overpass,,,2026-09-17T13:42:12.077276+00:00,other,Uncategorised / other,other:produce,"https://www.google.com/maps/search/?api=1&query=-37.7388991,145.0027186"
e9edf205ddadbdcd,The Good Brew Co.,54 Hope Street Brunswick VIC 3056,Brunswick,3056,north,deli,medium,prospect,+61 406 154 886,https://goodbrew.com.au/,-37.7636555,144.9583456,Found via OpenStreetMap Overpass,,overpass,,,2026-09-17T13:42:14.217258+00:00,other,Uncategorised / other,other:fallback,"https://www.google.com/maps/search/?api=1&query=-37.7636555,144.9583456"
8d60ffa805ccc1f9,The Hub,133 Station Street Fairfield VIC 3078,Fairfield,3078,north,health food,medium,prospect,+61 3 9486 2655,,-37.7770699,145.0186539,Found via OpenStreetMap Overpass,,overpass,,,2026-09-17T13:41:58.130436+00:00,western_premium,Western premium / independent,heuristic:western,"https://www.google.com/maps/search/?api=1&query=-37.7770699,145.0186539"
52329d877591ecdc,This Earth This Food,5 Village Avenue VIC,,,north,health food,medium,prospect,+61 3 9118 4131,https://thisearththisfood.com.au/,-37.7721858,144.9789523,Found via OpenStreetMap Overpass,,overpass,,,2026-09-17T13:42:09.109023+00:00,western_premium,Western premium / independent,heuristic:western,"https://www.google.com/maps/search/?api=1&query=-37.7721858,144.9789523"
c58181e56f1109aa,Tofu Shoten,6B Saxon Street Brunswick VIC 3056,Brunswick,3056,north,deli,medium,prospect,,,-37.7722209,144.9605098,Found via OpenStreetMap Overpass,,overpass,,,2026-09-17T13:42:19.575070+00:00,other,Uncategorised / other,other:fallback,"https://www.google.com/maps/search/?api=1&query=-37.7722209,144.9605098"
820cde0afce849ed,Tofu Shoten,6A Saxon Street VIC,,,north,deli,medium,prospect,,,-37.7722486,144.9605052,Found via OpenStreetMap Overpass,,overpass,,,2026-09-17T13:42:19.948229+00:00,other,Uncategorised / other,other:fallback,"https://www.google.com/maps/search/?api=1&query=-37.7722486,144.9605052"
2393f12cc2f9f5bd,Vinfresh,663 Sydney Road Brunswick VIC 3056,Brunswick,3056,north,greengrocer,medium,prospect,+61 3 9384 6670,,-37.7615054,144.9629354,Found via OpenStreetMap Overpass,,overpass,,,2026-09-17T13:41:53.719010+00:00,other,Uncategorised / other,other:greengrocer,"https://www.google.com/maps/search/?api=1&query=-37.7615054,144.9629354"
8d037e6a04d85dcc,Vinnie's Fruit,VIC,,,north,greengrocer,medium,prospect,,,-37.7446278,144.9658764,Found via OpenStreetMap Overpass,,overpass,,,2026-09-17T13:41:55.247281+00:00,other,Uncategorised / other,other:produce,"https://www.google.com/maps/search/?api=1&query=-37.7446278,144.9658764"
79eaf4d151b1f13d,West Street Fruits,VIC,,,north,greengrocer,medium,prospect,,,-37.7075503,144.9385118,Found via OpenStreetMap Overpass,,overpass,,,2026-09-17T13:42:20.210501+00:00,other,Uncategorised / other,other:greengrocer,"https://www.google.com/maps/search/?api=1&query=-37.7075503,144.9385118"
58c4865bef86804d,Wild Life Superette,365 Sydney Road Brunswick VIC 3056,Brunswick,3056,north,deli,medium,prospect,,,-37.7690362,144.9616444,Found via OpenStreetMap Overpass,,overpass,,,2026-09-17T13:42:01.203746+00:00,other,Uncategorised / other,other:fallback,"https://www.google.com/maps/search/?api=1&query=-37.7690362,144.9616444"
83f1f111a36964ca,Xotic Mushrooms,337 Settlement Road VIC,,,north,greengrocer,medium,prospect,,,-37.6900069,145.0223345,Found via OpenStreetMap Overpass,,overpass,,,2026-09-17T13:42:14.594000+00:00,other,Uncategorised / other,other:greengrocer,"https://www.google.com/maps/search/?api=1&query=-37.6900069,145.0223345"
87339bfefb22b317,Mediterranean Wholesalers,"107–113 Moreland Road, Coburg VIC 3058",Coburg,3058,north,food wholesale,high,prospect,,,-37.7545,144.9665,Large specialty / wholesale grocery,,seed,,,2026-09-17T13:41:18.078593+00:00,western_premium,Western premium / independent,override:mediterranean wholesaler,"https://www.google.com/maps/search/?api=1&query=-37.7545,144.9665"
4b07279bde662a71,Organic Wholefoods Brunswick,"236 Lygon Street, Brunswick East VIC 3057",Brunswick East,3057,north,organic grocery,high,prospect,,,-37.7705,144.9725,Independent organic grocery,,seed,,,2026-09-17T13:41:17.752063+00:00,western_premium,Western premium / independent,override:organic wholefoods,"https://www.google.com/maps/search/?api=1&query=-37.7705,144.9725"
d42067bc9d31ce5e,5 The Mall Fruit Market,VIC,,,outer-east,greengrocer,medium,prospect,,,-37.7721692,145.1129559,Found via OpenStreetMap Overpass,,overpass,,,2026-09-17T13:42:21.441340+00:00,other,Uncategorised / other,other:produce,"https://www.google.com/maps/search/?api=1&query=-37.7721692,145.1129559"
13b54de3d20ad986,Amazing Veggies,VIC,,,outer-east,greengrocer,medium,prospect,,,-37.8196953,145.1224878,Found via OpenStreetMap Overpass,,overpass,,,2026-09-17T13:42:14.869053+00:00,other,Uncategorised / other,other:greengrocer,"https://www.google.com/maps/search/?api=1&query=-37.8196953,145.1224878"
0f6726df9e82a4b3,Angelo's Organic,VIC,,,outer-east,greengrocer,medium,prospect,,,-37.8205879,145.1512162,Found via OpenStreetMap Overpass,,overpass,,,2026-09-17T13:41:55.149545+00:00,western_premium,Western premium / independent,heuristic:western,"https://www.google.com/maps/search/?api=1&query=-37.8205879,145.1512162"
3f658e6d5c7b3136,Apples On High,VIC,,,outer-east,greengrocer,medium,prospect,,,-37.8761745,145.2103543,Found via OpenStreetMap Overpass,,overpass,,,2026-09-17T13:41:52.851355+00:00,other,Uncategorised / other,other:greengrocer,"https://www.google.com/maps/search/?api=1&query=-37.8761745,145.2103543"
8ccb1ce02e85b3bf,Big Watermelon,1161 High Street Road Wantirna South VIC 3152,Wantirna South,3152,outer-east,organic greengrocer,medium,prospect,,https://www.bigwatermelon.com.au/,-37.8751633,145.2057013,Found via OpenStreetMap Overpass,,overpass,,,2026-09-17T13:42:18.108926+00:00,western_premium,Western premium / independent,heuristic:western,"https://www.google.com/maps/search/?api=1&query=-37.8751633,145.2057013"
d66434a867545115,Big Watermelon Bushy Park Wholesale,1161 High Street Road VIC,,,outer-east,greengrocer,medium,prospect,,http://bushyparkwholesale.com.au/,-37.8750119,145.2057798,Found via OpenStreetMap Overpass,,overpass,,,2026-09-17T13:41:53.865907+00:00,other,Uncategorised / other,other:greengrocer,"https://www.google.com/maps/search/?api=1&query=-37.8750119,145.2057798"
09db472ae49329a9,Bolton Street Deli,120-122 Bolton Street VIC,,,outer-east,deli,medium,prospect,,,-37.7316767,145.1353062,Found via OpenStreetMap Overpass,,overpass,,,2026-09-17T13:42:09.360284+00:00,western_premium,Western premium / independent,heuristic:indie_deli,"https://www.google.com/maps/search/?api=1&query=-37.7316767,145.1353062"
82bcdbe98a3ff8ed,Bolton Street Fruit Market,130 Bolton Street VIC,,,outer-east,greengrocer,medium,prospect,,,-37.7314704,145.1353429,Found via OpenStreetMap Overpass,,overpass,,,2026-09-17T13:42:09.301823+00:00,other,Uncategorised / other,other:produce,"https://www.google.com/maps/search/?api=1&query=-37.7314704,145.1353429"
436ed1fb6d20870c,Coles,VIC,,,outer-east,organic supermarket,medium,prospect,,,-37.8196048,145.1203412,Found via OpenStreetMap Overpass,,overpass,,,2026-09-17T13:42:06.193054+00:00,western_premium,Western premium / independent,heuristic:western,"https://www.google.com/maps/search/?api=1&query=-37.8196048,145.1203412"
a876f1e9649623ad,Costco,29 Bond Street VIC,,,outer-east,wholesale,medium,prospect,+61 3 8873 6700,https://www.costco.com.au/,-37.8145817,145.2252706,Found via OpenStreetMap Overpass,,overpass,,,2026-09-17T13:42:22.747808+00:00,other,Uncategorised / other,other:noise,"https://www.google.com/maps/search/?api=1&query=-37.8145817,145.2252706"
253c114d0eb18feb,Deli'sh @ Hamilton,17 Hamilton Place VIC,,,outer-east,deli,medium,prospect,,,-37.8761151,145.1275763,Found via OpenStreetMap Overpass,,overpass,,,2026-09-17T13:41:53.536625+00:00,western_premium,Western premium / independent,heuristic:indie_deli,"https://www.google.com/maps/search/?api=1&query=-37.8761151,145.1275763"
2bf3fb8209c82d9d,Emperor Nutrition,VIC,,,outer-east,health food,medium,prospect,,,-37.8196697,145.1220013,Found via OpenStreetMap Overpass,,overpass,,,2026-09-17T13:42:14.965545+00:00,western_premium,Western premium / independent,heuristic:western,"https://www.google.com/maps/search/?api=1&query=-37.8196697,145.1220013"
9679d66b0c0e2b06,Fayze's Fruit & Veg Macedon Square,VIC,,,outer-east,greengrocer,medium,prospect,,,-37.7727342,145.1121821,Found via OpenStreetMap Overpass,,overpass,,,2026-09-17T13:42:21.164907+00:00,other,Uncategorised / other,other:produce,"https://www.google.com/maps/search/?api=1&query=-37.7727342,145.1121821"
3002abc996af2b8c,Fruit Life,VIC,,,outer-east,greengrocer,medium,prospect,,,-37.8184934,145.1201265,Found via OpenStreetMap Overpass,,overpass,,,2026-09-17T13:42:19.992081+00:00,other,Uncategorised / other,other:produce,"https://www.google.com/maps/search/?api=1&query=-37.8184934,145.1201265"
968e30268c909201,Fruit Star Fruits & Vegetables,325 Manningham Road VIC,,,outer-east,greengrocer,medium,prospect,,,-37.7731263,145.1140303,Found via OpenStreetMap Overpass,,overpass,,,2026-09-17T13:42:19.911040+00:00,other,Uncategorised / other,other:produce,"https://www.google.com/maps/search/?api=1&query=-37.7731263,145.1140303"
ff6f9d548c380ba9,Gewürzhaus Chadstone,"Chadstone Shopping Centre, Chadstone VIC 3148",Chadstone,3148,outer-east,spice shop,medium,prospect,,https://www.gewurzhaus.com.au,-37.8875,145.0825,Premium spice retailer,,seed,,,2026-09-17T13:41:18.418207+00:00,western_premium,Western premium / independent,override:gewürzhaus,"https://www.google.com/maps/search/?api=1&query=-37.8875,145.0825"
580e6ff7276af4d7,Ginni Market,VIC,,,outer-east,greengrocer,medium,prospect,,http://www.ginni.com.au/,-37.8762127,145.2035448,Found via OpenStreetMap Overpass,,overpass,,,2026-09-17T13:41:54.912046+00:00,other,Uncategorised / other,other:greengrocer,"https://www.google.com/maps/search/?api=1&query=-37.8762127,145.2035448"
2efc9768045085f6,Go Vita / health food cluster Box Hill,"Station Street precinct, Box Hill VIC 3128",Box Hill,3128,outer-east,health food store,medium,prospect,,,-37.8195,145.1215,Confirm current Go Vita / independents on visit,,seed,,,2026-09-17T13:41:19.290512+00:00,health_chains,Health / vitamin chains,override:go vita,"https://www.google.com/maps/search/?api=1&query=-37.8195,145.1215"
773568c243019292,Gof's Fresh Produce,VIC,,,outer-east,greengrocer,medium,prospect,,,-37.9058565,145.1618125,Found via OpenStreetMap Overpass,,overpass,,,2026-09-17T13:41:55.687326+00:00,other,Uncategorised / other,other:produce,"https://www.google.com/maps/search/?api=1&query=-37.9058565,145.1618125"
b8420cdb5b0766d8,Great Earth Super Discount Health Shop,VIC,,,outer-east,health food,medium,prospect,,,-37.7915141,145.1711871,Found via OpenStreetMap Overpass,,overpass,,,2026-09-17T13:41:51.110028+00:00,western_premium,Western premium / independent,heuristic:western,"https://www.google.com/maps/search/?api=1&query=-37.7915141,145.1711871"
7bba3915815adf46,Health Food Thyme,12-14 McAdam Square Croydon VIC 3136,Croydon,3136,outer-east,health food,medium,prospect,+61 3 9725 9907,http://www.healthfoodthyme.com.au/,-37.7837743,145.2688605,Found via OpenStreetMap Overpass,,overpass,,,2026-09-17T13:42:27.308020+00:00,western_premium,Western premium / independent,heuristic:western,"https://www.google.com/maps/search/?api=1&query=-37.7837743,145.2688605"
a3442dc1ae164f50,Healthy Life Chadstone,"Chadstone Shopping Centre, Chadstone VIC 3148",Chadstone,3148,outer-east,health food store,medium,prospect,,,-37.8868,145.0835,Health food retailer,,seed,,,2026-09-17T13:41:19.232806+00:00,health_chains,Health / vitamin chains,override:healthy life,"https://www.google.com/maps/search/?api=1&query=-37.8868,145.0835"
fa18a0a621a7d59e,Heathmont Farmers Market,VIC,,,outer-east,marketplace,medium,prospect,,,-37.8245907,145.2380245,Found via OpenStreetMap Overpass,,overpass,,,2026-09-17T13:42:13.730886+00:00,other,Uncategorised / other,other:produce,"https://www.google.com/maps/search/?api=1&query=-37.8245907,145.2380245"
ceef5f1dc5db2aa1,Just Healthy,164 Canterbury Road Heathmont VIC 3135,Heathmont,3135,outer-east,health food,medium,prospect,+61 3 9729 5028,https://m.facebook.com/pages/Just-Healthy-Foods-Therapies/1374991259402999,-37.8288798,145.2463224,Found via OpenStreetMap Overpass,,overpass,,,2026-09-17T13:42:27.456930+00:00,western_premium,Western premium / independent,heuristic:western,"https://www.google.com/maps/search/?api=1&query=-37.8288798,145.2463224"
b95927d2a96373b2,Kennedy's Deli and Fine Foods,202 Warrandyte Road VIC,,,outer-east,deli,medium,prospect,+61 407 607 460,,-37.7943878,145.2356995,Found via OpenStreetMap Overpass,,overpass,,,2026-09-17T13:42:27.168796+00:00,western_premium,Western premium / independent,heuristic:specialty_deli,"https://www.google.com/maps/search/?api=1&query=-37.7943878,145.2356995"
e2174da59b2a776f,Kerrie Road Fruit Market,VIC,,,outer-east,greengrocer,medium,prospect,+61 3 9886 7107,,-37.8758749,145.177987,Found via OpenStreetMap Overpass,,overpass,,,2026-09-17T13:41:51.637959+00:00,other,Uncategorised / other,other:produce,"https://www.google.com/maps/search/?api=1&query=-37.8758749,145.177987"
04fd45080a896749,Kwan's Dim Sim,VIC,,,outer-east,deli,medium,prospect,,,-37.819096,145.1349025,Found via OpenStreetMap Overpass,,overpass,,,2026-09-17T13:42:19.342840+00:00,other,Uncategorised / other,other:fallback,"https://www.google.com/maps/search/?api=1&query=-37.819096,145.1349025"
91547a8e300642cf,Little Super Girl,58 Lexton Road Box Hill North VIC 3129,Box Hill North,3129,outer-east,deli,medium,prospect,,,-37.8127834,145.1378305,Found via OpenStreetMap Overpass,,overpass,,,2026-09-17T13:42:26.874317+00:00,other,Uncategorised / other,other:fallback,"https://www.google.com/maps/search/?api=1&query=-37.8127834,145.1378305"
741b894e81ded310,Macedon Fresh Fruit & Veg,VIC,,,outer-east,greengrocer,medium,prospect,,,-37.772572,145.1122183,Found via OpenStreetMap Overpass,,overpass,,,2026-09-17T13:42:21.361498+00:00,other,Uncategorised / other,other:produce,"https://www.google.com/maps/search/?api=1&query=-37.772572,145.1122183"
c5e4e5ec5e1fd3fb,Marketa & Co,VIC,,,outer-east,greengrocer,medium,prospect,,,-37.8915149,145.1432494,Found via OpenStreetMap Overpass,,overpass,,,2026-09-17T13:41:51.206499+00:00,other,Uncategorised / other,other:greengrocer,"https://www.google.com/maps/search/?api=1&query=-37.8915149,145.1432494"
5a4d07686a5c3c8d,Middy's,VIC,,,outer-east,wholesale,medium,prospect,,,-37.9178673,145.148345,Found via OpenStreetMap Overpass,,overpass,,,2026-09-17T13:42:09.013330+00:00,other,Uncategorised / other,other:noise,"https://www.google.com/maps/search/?api=1&query=-37.9178673,145.148345"
64b21361982eef46,Mirabella Bros Fruit Market,54 Jackson Court VIC,,,outer-east,greengrocer,medium,prospect,+61 3 9848 8770,https://mirabellasfresh.com.au,-37.7888175,145.149045,Found via OpenStreetMap Overpass,,overpass,,,2026-09-17T13:41:52.279172+00:00,other,Uncategorised / other,other:produce,"https://www.google.com/maps/search/?api=1&query=-37.7888175,145.149045"
2232fc6bf27ba9e9,North Ringwood Fruit Market,204-206 Warrandyte Road Ringwood North VIC 3134,Ringwood North,3134,outer-east,greengrocer,medium,prospect,+61 449 714 115,,-37.7944195,145.236077,Found via OpenStreetMap Overpass,,overpass,,,2026-09-17T13:42:11.617100+00:00,other,Uncategorised / other,other:produce,"https://www.google.com/maps/search/?api=1&query=-37.7944195,145.236077"
667d28f148cacbe0,Olympus Delicatessen,72 Jackson Court VIC,,,outer-east,deli,medium,prospect,+61 3 9848 5217,https://www.olympusdeli.elocal.com.au,-37.7887284,145.1484415,Found via OpenStreetMap Overpass,,overpass,,,2026-09-17T13:41:52.246801+00:00,western_premium,Western premium / independent,heuristic:western,"https://www.google.com/maps/search/?api=1&query=-37.7887284,145.1484415"
fd9f361c6630e447,Omed Fresh Market,171-175 Maroondah Highway Ringwood VIC 3134,Ringwood,3134,outer-east,organic greengrocer,medium,prospect,+61 3 9870 5346,,-37.8122488,145.2290809,Found via OpenStreetMap Overpass,,overpass,,,2026-09-17T13:42:11.095686+00:00,western_premium,Western premium / independent,heuristic:western,"https://www.google.com/maps/search/?api=1&query=-37.8122488,145.2290809"
81105542c83099d7,Plant Factory,62-66 Ricketts Road VIC 3149,,3149,outer-east,greengrocer,medium,prospect,,https://plantfactory.com.au,-37.8953916,145.1378855,Found via OpenStreetMap Overpass,,overpass,,,2026-09-17T13:42:18.444808+00:00,other,Uncategorised / other,other:greengrocer,"https://www.google.com/maps/search/?api=1&query=-37.8953916,145.1378855"
d35875b950fe78b4,Ringwood East Community Market,Ringwood East VIC 3135,Ringwood East,3135,outer-east,marketplace,medium,prospect,+61 492 897 437,,-37.8139884,145.2482463,Found via OpenStreetMap Overpass,,overpass,,,2026-09-17T13:42:11.963642+00:00,other,Uncategorised / other,other:market,"https://www.google.com/maps/search/?api=1&query=-37.8139884,145.2482463"
0ba06336d9fa0915,Ringwood Fresh Green Grocer,VIC,,,outer-east,greengrocer,medium,prospect,,,-37.8157749,145.222691,Found via OpenStreetMap Overpass,,overpass,,,2026-09-17T13:42:03.432126+00:00,western_premium,Western premium / independent,heuristic:western,"https://www.google.com/maps/search/?api=1&query=-37.8157749,145.222691"
0456ffdc1ff8e9db,Sacca's Fine Foods,VIC,,,outer-east,organic greengrocer,medium,prospect,+61 3 9334 2508,https://www.saccas.com.au/,-37.8114463,145.153073,Found via OpenStreetMap Overpass,,overpass,,,2026-09-17T13:42:12.905752+00:00,western_premium,Western premium / independent,heuristic:western,"https://www.google.com/maps/search/?api=1&query=-37.8114463,145.153073"
e00ce65cd6a94fc7,Sam's Fruit World,VIC,,,outer-east,greengrocer,medium,prospect,,,-37.8761786,145.1275579,Found via OpenStreetMap Overpass,,overpass,,,2026-09-17T13:41:53.651926+00:00,other,Uncategorised / other,other:produce,"https://www.google.com/maps/search/?api=1&query=-37.8761786,145.1275579"
dd0e881df47c6b16,The Full Pantry,66-68 Maroondah Highway Croydon VIC 3136,Croydon,3136,outer-east,health food,medium,prospect,+61 3 9723 7466,https://www.thefullpantry.com.au/,-37.7901276,145.266826,Found via OpenStreetMap Overpass,,overpass,,,2026-09-17T13:42:08.675884+00:00,western_premium,Western premium / independent,heuristic:western,"https://www.google.com/maps/search/?api=1&query=-37.7901276,145.266826"
39ed196800eed095,Tunstall Fresh,VIC,,,outer-east,greengrocer,medium,prospect,+61 3 9842 1820,https://tunstallfresh.com.au/,-37.7907993,145.1700224,Found via OpenStreetMap Overpass,,overpass,,,2026-09-17T13:41:50.934852+00:00,other,Uncategorised / other,other:greengrocer,"https://www.google.com/maps/search/?api=1&query=-37.7907993,145.1700224"
f9483d9fa0a7de70,Warrandyte Riverside Market,Warrandyte VIC 3113,Warrandyte,3113,outer-east,marketplace,medium,prospect,,https://www.warrandyteriversidemarket.com.au/,-37.740554,145.2108725,Found via OpenStreetMap Overpass,,overpass,,,2026-09-17T13:42:20.185492+00:00,other,Uncategorised / other,other:market,"https://www.google.com/maps/search/?api=1&query=-37.740554,145.2108725"
ea98901cd992caf2,Whole Living,322 Mountain Highway Wantirna VIC 3152,Wantirna,3152,outer-east,health food,medium,prospect,,,-37.847719,145.2308637,Found via OpenStreetMap Overpass,,overpass,,,2026-09-17T13:42:27.082353+00:00,western_premium,Western premium / independent,heuristic:western,"https://www.google.com/maps/search/?api=1&query=-37.847719,145.2308637"
e8812e795b77c3c2,Zhonghua Express,58 Lexton Road Box Hill North VIC 3129,Box Hill North,3129,outer-east,deli,medium,prospect,,,-37.8126873,145.1378483,Found via OpenStreetMap Overpass,,overpass,,,2026-09-17T13:42:26.824775+00:00,other,Uncategorised / other,other:fallback,"https://www.google.com/maps/search/?api=1&query=-37.8126873,145.1378483"
495271566db5f93b,Bentleigh Produce Store,284 Centre Road VIC,,,south-east,greengrocer,medium,prospect,,https://extrafreshbentleigh.com,-37.9177676,145.0320756,Found via OpenStreetMap Overpass,,overpass,,,2026-09-17T13:42:20.444963+00:00,other,Uncategorised / other,other:greengrocer,"https://www.google.com/maps/search/?api=1&query=-37.9177676,145.0320756"
dab41c2e8aadee72,Bright 'N' Fresh,VIC,,,south-east,greengrocer,medium,prospect,,,-37.9147016,144.9950114,Found via OpenStreetMap Overpass,,overpass,,,2026-09-17T13:42:18.565643+00:00,other,Uncategorised / other,other:greengrocer,"https://www.google.com/maps/search/?api=1&query=-37.9147016,144.9950114"
1adb2bd78df7dc50,COS - Cheltenham Organic Store,360 Reserve Road Cheltenham VIC 3192,Cheltenham,3192,south-east,greengrocer,medium,prospect,,https://cosorganics.com.au/,-37.9587577,145.0387482,Found via OpenStreetMap Overpass,,overpass,,,2026-09-17T13:42:02.209444+00:00,western_premium,Western premium / independent,heuristic:western,"https://www.google.com/maps/search/?api=1&query=-37.9587577,145.0387482"
df876c4c665c7039,Carnegie Fresh,VIC,,,south-east,greengrocer,medium,prospect,,,-37.8882648,145.0566713,Found via OpenStreetMap Overpass,,overpass,,,2026-09-17T13:41:56.840879+00:00,other,Uncategorised / other,other:greengrocer,"https://www.google.com/maps/search/?api=1&query=-37.8882648,145.0566713"
58a382fb81a23d4a,Clayton Road Deli,397 Clayton Road VIC,,,south-east,deli,medium,prospect,,,-37.9277077,145.1188532,Found via OpenStreetMap Overpass,,overpass,,,2026-09-17T13:42:23.844817+00:00,western_premium,Western premium / independent,heuristic:indie_deli,"https://www.google.com/maps/search/?api=1&query=-37.9277077,145.1188532"
364d23f1fb550612,Cosmos Deli,55 Portman Street VIC,,,south-east,deli,medium,prospect,,,-37.9001483,145.0916227,Found via OpenStreetMap Overpass,,overpass,,,2026-09-17T13:42:23.921622+00:00,western_premium,Western premium / independent,heuristic:indie_deli,"https://www.google.com/maps/search/?api=1&query=-37.9001483,145.0916227"
fb488d67edd72991,Costco,8 Chifley Drive VIC,,,south-east,wholesale,medium,prospect,+61 3 9552 7700,https://www.costco.com.au,-37.9765203,145.1082933,Found via OpenStreetMap Overpass,,overpass,,,2026-09-17T13:42:23.679084+00:00,other,Uncategorised / other,other:noise,"https://www.google.com/maps/search/?api=1&query=-37.9765203,145.1082933"
ffe7685902a3a93d,Davine Quality Fruit,507 Main Street Mordialloc VIC 3195,Mordialloc,3195,south-east,greengrocer,medium,prospect,+61 3 9588 2133,,-38.0069867,145.0871431,Found via OpenStreetMap Overpass,,overpass,,,2026-09-17T13:41:53.246410+00:00,other,Uncategorised / other,other:produce,"https://www.google.com/maps/search/?api=1&query=-38.0069867,145.0871431"
93322c474f6e89db,Dirito's Quality Fruits,399 Glen Huntly Road VIC,,,south-east,greengrocer,medium,prospect,,,-37.8847181,145.0050605,Found via OpenStreetMap Overpass,,overpass,,,2026-09-17T13:42:19.846077+00:00,other,Uncategorised / other,other:greengrocer,"https://www.google.com/maps/search/?api=1&query=-37.8847181,145.0050605"
9b93043828dbac11,Fine Gourmet Deli,465 Centre Road Bentleigh VIC 3204,Bentleigh,3204,south-east,deli,medium,prospect,,,-37.9185543,145.0412576,Found via OpenStreetMap Overpass,,overpass,,,2026-09-17T13:42:26.178703+00:00,western_premium,Western premium / independent,heuristic:western,"https://www.google.com/maps/search/?api=1&query=-37.9185543,145.0412576"
edd3a95df026a1ec,Fruit Barn,VIC,,,south-east,greengrocer,medium,prospect,,,-37.8987682,145.0914104,Found via OpenStreetMap Overpass,,overpass,,,2026-09-17T13:42:01.743092+00:00,other,Uncategorised / other,other:produce,"https://www.google.com/maps/search/?api=1&query=-37.8987682,145.0914104"
71dcb0718f70cb0e,Fruit Mart,VIC,,,south-east,greengrocer,medium,prospect,,,-37.926602,145.1192045,Found via OpenStreetMap Overpass,,overpass,,,2026-09-17T13:41:56.733340+00:00,other,Uncategorised / other,other:produce,"https://www.google.com/maps/search/?api=1&query=-37.926602,145.1192045"
55267a97d727ed33,Fruit Specialists,VIC,,,south-east,greengrocer,medium,prospect,,,-37.905533,145.0038265,Found via OpenStreetMap Overpass,,overpass,,,2026-09-17T13:42:05.048670+00:00,other,Uncategorised / other,other:produce,"https://www.google.com/maps/search/?api=1&query=-37.905533,145.0038265"
26e9af8f074d7fb9,Go Vita,VIC,,,south-east,health food,medium,prospect,+61 3 9583 5306,,-37.9588236,145.0549022,Found via OpenStreetMap Overpass,,overpass,,,2026-09-17T13:42:08.931005+00:00,health_chains,Health / vitamin chains,override:go vita,"https://www.google.com/maps/search/?api=1&query=-37.9588236,145.0549022"
fecca5e91569dee6,Gum Tree Good Food,422 New Street VIC,,,south-east,health food,medium,prospect,,,-37.8958615,144.9949513,Found via OpenStreetMap Overpass,,overpass,,,2026-09-17T13:42:12.410095+00:00,western_premium,Western premium / independent,heuristic:western,"https://www.google.com/maps/search/?api=1&query=-37.8958615,144.9949513"
cea7ff7ccd8fdf72,Harry's Factory Outlet,1292 Centre Road VIC,,,south-east,deli,medium,prospect,,,-37.9282776,145.1152538,Found via OpenStreetMap Overpass,,overpass,,,2026-09-17T13:42:16.318711+00:00,other,Uncategorised / other,other:fallback,"https://www.google.com/maps/search/?api=1&query=-37.9282776,145.1152538"
dac18b64aefca917,House of Bread and Pastries,155 Martin Street VIC,,,south-east,deli,medium,prospect,,,-37.8972236,145.0037169,Found via OpenStreetMap Overpass,,overpass,,,2026-09-17T13:42:06.566254+00:00,other,Uncategorised / other,other:fallback,"https://www.google.com/maps/search/?api=1&query=-37.8972236,145.0037169"
b44b4ee00d48beff,Kingston Food Hangar,288 Centre Dandenong Road VIC,,,south-east,greengrocer,medium,prospect,,https://www.facebook.com/people/Kingston-Food-Hangar/100075981036940/,-37.9708829,145.0909158,Found via OpenStreetMap Overpass,,overpass,,,2026-09-17T13:42:12.185978+00:00,other,Uncategorised / other,other:greengrocer,"https://www.google.com/maps/search/?api=1&query=-37.9708829,145.0909158"
2b87f69ad57ca9c5,Mediterranean Pantry,VIC,,,south-east,deli,medium,prospect,,,-37.9835951,145.0647304,Found via OpenStreetMap Overpass,,overpass,,,2026-09-17T13:41:57.292942+00:00,western_premium,Western premium / independent,heuristic:western,"https://www.google.com/maps/search/?api=1&query=-37.9835951,145.0647304"
f3d5ca48193ef4c3,Merchant,VIC,,,south-east,greengrocer,medium,prospect,,,-37.986258,145.0335895,Found via OpenStreetMap Overpass,,overpass,,,2026-09-17T13:41:51.835566+00:00,other,Uncategorised / other,other:greengrocer,"https://www.google.com/maps/search/?api=1&query=-37.986258,145.0335895"
ef95e13a65a712dc,Milo's deli,328 center rd VIC,,,south-east,deli,medium,prospect,,,-37.9179348,145.0337862,Found via OpenStreetMap Overpass,,overpass,,,2026-09-17T13:42:20.536953+00:00,western_premium,Western premium / independent,heuristic:indie_deli,"https://www.google.com/maps/search/?api=1&query=-37.9179348,145.0337862"
4904f3d616d1fbcb,Nutsmart,343 Clayton Road VIC,,,south-east,deli,medium,prospect,,,-37.9253486,145.1194456,Found via OpenStreetMap Overpass,,overpass,,,2026-09-17T13:41:56.793136+00:00,other,Uncategorised / other,other:fallback,"https://www.google.com/maps/search/?api=1&query=-37.9253486,145.1194456"
0dd1dd199cab7026,Oakleigh Fruit Market,VIC,,,south-east,greengrocer,medium,prospect,,,-37.8995185,145.0890966,Found via OpenStreetMap Overpass,,overpass,,,2026-09-17T13:41:52.487675+00:00,other,Uncategorised / other,other:produce,"https://www.google.com/maps/search/?api=1&query=-37.8995185,145.0890966"
261ecce809c46bb9,Oakleigh Greek & specialty food strip,"Eaton Mall / Atherton Road, Oakleigh VIC 3166",Oakleigh,3166,south-east,specialty foods strip,medium,prospect,,,-37.8995,145.0885,Specialty Mediterranean foods,,seed,,,2026-09-17T13:41:19.378317+00:00,western_premium,Western premium / independent,override:oakleigh greek,"https://www.google.com/maps/search/?api=1&query=-37.8995,145.0885"
9fa4a35f53a7dadd,Oakleigh Market,12 Chester Street VIC,,,south-east,marketplace,medium,prospect,,,-37.8997248,145.0892318,Found via OpenStreetMap Overpass,,overpass,,,2026-09-17T13:42:23.254054+00:00,other,Uncategorised / other,other:market,"https://www.google.com/maps/search/?api=1&query=-37.8997248,145.0892318"
75735c1be338a773,Oakleigh Produce Store,VIC,,,south-east,greengrocer,medium,prospect,,,-37.9008601,145.0865249,Found via OpenStreetMap Overpass,,overpass,,,2026-09-17T13:41:55.218513+00:00,other,Uncategorised / other,other:greengrocer,"https://www.google.com/maps/search/?api=1&query=-37.9008601,145.0865249"
87bdebce5fcb58ab,Russian Tidbits,113 Koornang Road VIC,,,south-east,deli,medium,prospect,,,-37.8881617,145.0570333,Found via OpenStreetMap Overpass,,overpass,,,2026-09-17T13:42:24.355520+00:00,other,Uncategorised / other,other:fallback,"https://www.google.com/maps/search/?api=1&query=-37.8881617,145.0570333"
49f3ec098446b710,Sandringham Fruit Market,22 Waltham Street Sandringham VIC,Sandringham,,south-east,greengrocer,medium,prospect,+61 3 9598 3340,,-37.9495805,145.003592,Found via OpenStreetMap Overpass,,overpass,,,2026-09-17T13:41:54.726580+00:00,other,Uncategorised / other,other:produce,"https://www.google.com/maps/search/?api=1&query=-37.9495805,145.003592"
b8c8d599676070f7,Schutties Fasteners Pty LTd,10 Bignell Road VIC,,,south-east,wholesale,medium,prospect,+61 3 9553 2032,https://schuttiesfasteners.com.au/,-37.942006,145.0678261,Found via OpenStreetMap Overpass,,overpass,,,2026-09-17T13:42:08.481741+00:00,other,Uncategorised / other,other:fallback,"https://www.google.com/maps/search/?api=1&query=-37.942006,145.0678261"
358dd62dd663d36e,Scicluna's,VIC,,,south-east,greengrocer,medium,prospect,,,-37.9814918,145.0641654,Found via OpenStreetMap Overpass,,overpass,,,2026-09-17T13:41:57.404635+00:00,other,Uncategorised / other,other:greengrocer,"https://www.google.com/maps/search/?api=1&query=-37.9814918,145.0641654"
0006e767a81213dd,Simply Gluten Free,123 Lower Dandenong Road VIC,,,south-east,health food,medium,prospect,,,-37.9834544,145.085285,Found via OpenStreetMap Overpass,,overpass,,,2026-09-17T13:42:27.527212+00:00,western_premium,Western premium / independent,heuristic:western,"https://www.google.com/maps/search/?api=1&query=-37.9834544,145.085285"
17544e76729b4a84,Swedish Prestige,255 Huntingdale Road VIC,,,south-east,wholesale,medium,prospect,,,-37.9081726,145.1036976,Found via OpenStreetMap Overpass,,overpass,,,2026-09-17T13:42:24.393116+00:00,other,Uncategorised / other,other:fallback,"https://www.google.com/maps/search/?api=1&query=-37.9081726,145.1036976"
d4a7992d90b8ee33,The Fastener Factory,257 Huntingdale Road VIC,,,south-east,wholesale,medium,prospect,,,-37.9083268,145.1036485,Found via OpenStreetMap Overpass,,overpass,,,2026-09-17T13:42:24.504429+00:00,other,Uncategorised / other,other:fallback,"https://www.google.com/maps/search/?api=1&query=-37.9083268,145.1036485"
f33efe4df67fcc18,The Leaf Store,111 Ormond Road Elwood VIC 3184,Elwood,3184,south-east,organic greengrocer,medium,prospect,,https://theleafstore.com.au/,-37.8854858,144.9880413,Found via OpenStreetMap Overpass,,overpass,,,2026-09-17T13:42:07.997005+00:00,western_premium,Western premium / independent,heuristic:western,"https://www.google.com/maps/search/?api=1&query=-37.8854858,144.9880413"
4744084a8247a4cd,The Shook,819 Glen Huntly Road VIC,,,south-east,deli,medium,prospect,,,-37.8868637,145.0228369,Found via OpenStreetMap Overpass,,overpass,,,2026-09-17T13:42:01.980260+00:00,other,Uncategorised / other,other:fallback,"https://www.google.com/maps/search/?api=1&query=-37.8868637,145.0228369"
44e42cefe8e08c4b,The Source Bulk Foods Brighton,"265 Bay Street, Brighton VIC 3186",Brighton,3186,south-east,bulk / wholefoods,medium,prospect,,https://www.thesourcebulkfoods.com.au,-37.9075,144.9985,Bayside wholefoods,,seed,,,2026-09-17T13:41:19.131860+00:00,western_premium,Western premium / independent,override:the source bulk,"https://www.google.com/maps/search/?api=1&query=-37.9075,144.9985"
8d41ccb95c8fb81c,The WaterStop Shop,20 Dalgety Street Oakleigh VIC 3166,Oakleigh,3166,south-east,wholesale,medium,prospect,,https://waterstop.com.au/,-37.8926895,145.0942006,Found via OpenStreetMap Overpass,,overpass,,,2026-09-17T13:42:09.704115+00:00,other,Uncategorised / other,other:fallback,"https://www.google.com/maps/search/?api=1&query=-37.8926895,145.0942006"
60ade8101f4d3cc1,Wonder Fresh,293 Chesterville Road VIC 3165,,3165,south-east,greengrocer,medium,prospect,,wonderfresh.com.au,-37.9359075,145.0612491,Found via OpenStreetMap Overpass,,overpass,,,2026-09-17T13:41:51.782165+00:00,other,Uncategorised / other,other:greengrocer,"https://www.google.com/maps/search/?api=1&query=-37.9359075,145.0612491"
1bda486c5b815bb9,Yumorganics,VIC,,,south-east,greengrocer,medium,prospect,,,-37.8869284,145.0233555,Found via OpenStreetMap Overpass,,overpass,,,2026-09-17T13:42:02.072031+00:00,other,Uncategorised / other,other:greengrocer,"https://www.google.com/maps/search/?api=1&query=-37.8869284,145.0233555"
8f726e73815149a4,Brighton / Church Street gourmet strip,"Church Street, Brighton VIC 3186",Brighton,3186,south-east,gourmet strip,high,prospect,,,-37.9115,144.9995,Premium bayside independents,,seed,,,2026-09-17T13:41:19.982324+00:00,western_premium,Western premium / independent,override:brighton / church,"https://www.google.com/maps/search/?api=1&query=-37.9115,144.9995"
472b00fb35840b18,Patterson's Fresh (organics / specialty produce),Verify current Melbourne locations on Maps,Melbourne,,south-east,organic / specialty produce,high,prospect,,,-37.92,145.04,Confirm storefronts during South East Maps sweep,,seed,,,2026-09-17T13:41:19.406846+00:00,western_premium,Western premium / independent,heuristic:western,"https://www.google.com/maps/search/?api=1&query=-37.92,145.04"
f8e5214ccbc68168,Patterson's Organics,Greater Melbourne (verify current store locations),,,south-east,organic grocery,high,prospect,,,-37.92,145.04,Organic retailer — confirm addresses during scan,,seed,,,2026-09-17T13:38:26.170440+00:00,western_premium,Western premium / independent,heuristic:western,"https://www.google.com/maps/search/?api=1&query=-37.92,145.04"
270397b9627231a5,Amira Food Wholesaler,72 New Street VIC,,,west,wholesale,medium,prospect,,,-37.8303066,144.8664241,Found via OpenStreetMap Overpass,,overpass,,,2026-09-17T13:42:19.204632+00:00,other,Uncategorised / other,other:fallback,"https://www.google.com/maps/search/?api=1&query=-37.8303066,144.8664241"
30bfe42c68f6cd4f,Ausin Health,VIC,,,west,health food,medium,prospect,,,-37.7995901,144.899082,Found via OpenStreetMap Overpass,,overpass,,,2026-09-17T13:42:01.307802+00:00,western_premium,Western premium / independent,heuristic:western,"https://www.google.com/maps/search/?api=1&query=-37.7995901,144.899082"
32550a0e6da43aae,BALTYK DELI & Co.,4 Neville Avenue Laverton VIC 3028,Laverton,3028,west,deli,medium,prospect,+61 3 9369 4739;+61 431 428 150,http://www.baltykdeli.com.au/,-37.8680368,144.7606419,Found via OpenStreetMap Overpass,,overpass,,,2026-09-17T13:42:23.639801+00:00,western_premium,Western premium / independent,heuristic:indie_deli,"https://www.google.com/maps/search/?api=1&query=-37.8680368,144.7606419"
672a80de8da559a3,Ba Lẹ,VIC,,,west,deli,medium,prospect,,,-37.7988557,144.9010202,Found via OpenStreetMap Overpass,,overpass,,,2026-09-17T13:42:01.247055+00:00,other,Uncategorised / other,other:fallback,"https://www.google.com/maps/search/?api=1&query=-37.7988557,144.9010202"
5e7fb6410e82d3d4,Backhaus,VIC,,,west,deli,medium,prospect,,,-37.7559108,144.9155579,Found via OpenStreetMap Overpass,,overpass,,,2026-09-17T13:42:21.557296+00:00,other,Uncategorised / other,other:fallback,"https://www.google.com/maps/search/?api=1&query=-37.7559108,144.9155579"
3b28bc128da29910,Backyard,VIC,,,west,greengrocer,medium,prospect,,,-37.7995764,144.9096471,Found via OpenStreetMap Overpass,,overpass,,,2026-09-17T13:42:15.360270+00:00,other,Uncategorised / other,other:greengrocer,"https://www.google.com/maps/search/?api=1&query=-37.7995764,144.9096471"
c715965d68eb3aab,Costco,VIC,,,west,wholesale,medium,prospect,,,-37.7696917,144.7990442,Found via OpenStreetMap Overpass,,overpass,,,2026-09-17T13:42:26.711055+00:00,other,Uncategorised / other,other:noise,"https://www.google.com/maps/search/?api=1&query=-37.7696917,144.7990442"
14368a7096df4ee5,Deli 4 You,VIC,,,west,deli,medium,prospect,,,-37.7864235,144.9002557,Found via OpenStreetMap Overpass,,overpass,,,2026-09-17T13:42:08.111007+00:00,western_premium,Western premium / independent,heuristic:indie_deli,"https://www.google.com/maps/search/?api=1&query=-37.7864235,144.9002557"
b76246829588b14f,Dominic's Fresh Fruit,VIC,,,west,greengrocer,medium,prospect,,,-37.8168159,144.8913246,Found via OpenStreetMap Overpass,,overpass,,,2026-09-17T13:41:55.332622+00:00,other,Uncategorised / other,other:produce,"https://www.google.com/maps/search/?api=1&query=-37.8168159,144.8913246"
2b095ce9095dcc51,Footscray Market,"Leeds Street, Footscray VIC 3011",Footscray,3011,west,fresh food market,medium,prospect,,,-37.8005,144.8995,High spice / specialty stall density,,seed,,,2026-09-17T13:41:18.831472+00:00,other,Uncategorised / other,override:footscray market,"https://www.google.com/maps/search/?api=1&query=-37.8005,144.8995"
91e38f22dfb6f222,Footscray Market Fresh Fruits & Veggies,VIC,,,west,greengrocer,medium,prospect,,,-37.8010611,144.9017886,Found via OpenStreetMap Overpass,,overpass,,,2026-09-17T13:42:00.129919+00:00,other,Uncategorised / other,override:footscray market,"https://www.google.com/maps/search/?api=1&query=-37.8010611,144.9017886"
98394cd76eeafba0,Fresh Market,1-3 High Street Yarraville VIC 3013,Yarraville,3013,west,greengrocer,medium,prospect,,,-37.8172179,144.8821938,Found via OpenStreetMap Overpass,,overpass,,,2026-09-17T13:42:12.825379+00:00,other,Uncategorised / other,other:greengrocer,"https://www.google.com/maps/search/?api=1&query=-37.8172179,144.8821938"
442bf6485982fbb3,Fruits of the Meadows,VIC,,,west,greengrocer,medium,prospect,,https://www.fruitsofthemeadows.com/,-37.8724133,144.7757332,Found via OpenStreetMap Overpass,,overpass,,,2026-09-17T13:42:20.786184+00:00,other,Uncategorised / other,other:greengrocer,"https://www.google.com/maps/search/?api=1&query=-37.8724133,144.7757332"
7eef0ab00c88ba6c,Gio Cha Kinh Do,11 Dickson Street Sunshine VIC 3020,Sunshine,3020,west,deli,medium,prospect,,,-37.7866049,144.8324999,Found via OpenStreetMap Overpass,,overpass,,,2026-09-17T13:41:59.878221+00:00,other,Uncategorised / other,other:fallback,"https://www.google.com/maps/search/?api=1&query=-37.7866049,144.8324999"
57bd50570ec24dfe,Giò Chả Như Ý,VIC,,,west,deli,medium,prospect,,,-37.800362,144.9012402,Found via OpenStreetMap Overpass,,overpass,,,2026-09-17T13:42:00.751289+00:00,other,Uncategorised / other,other:fallback,"https://www.google.com/maps/search/?api=1&query=-37.800362,144.9012402"
25adbd51ce9d6e0e,Happy Valley Trading / Asian grocery Footscray,"Hopkins Street precinct, Footscray VIC 3011",Footscray,3011,west,specialty grocery,medium,prospect,,,-37.7995,144.9005,West spice & specialty density,,seed,,,2026-09-17T13:41:19.662856+00:00,asian,Asian grocery,override:asian grocery,"https://www.google.com/maps/search/?api=1&query=-37.7995,144.9005"
4b5b6792f3afebf9,Jinhang Lighting and Electrical Wholesale,1 Drake Boulevard Altona VIC 3018,Altona,3018,west,wholesale,medium,prospect,,https://www.jhmarket.com.au/,-37.8506107,144.8342177,Found via OpenStreetMap Overpass,,overpass,,,2026-09-17T13:42:25.460280+00:00,other,Uncategorised / other,other:fallback,"https://www.google.com/maps/search/?api=1&query=-37.8506107,144.8342177"
5deaef7bf736f7be,John’s Nuts,VIC,,,west,deli,medium,prospect,,,-37.8008916,144.8983485,Found via OpenStreetMap Overpass,,overpass,,,2026-09-17T13:42:01.424235+00:00,other,Uncategorised / other,other:fallback,"https://www.google.com/maps/search/?api=1&query=-37.8008916,144.8983485"
5f0f48dd37eeee86,Kennedy's Produce Store,VIC,,,west,deli,medium,prospect,,,-37.7556403,144.9155603,Found via OpenStreetMap Overpass,,overpass,,,2026-09-17T13:42:21.486208+00:00,other,Uncategorised / other,other:fallback,"https://www.google.com/maps/search/?api=1&query=-37.7556403,144.9155603"
7631b37800d4b90d,Koala Shop,62 Nicholson Street VIC,,,west,health food,medium,prospect,,,-37.7985542,144.8996396,Found via OpenStreetMap Overpass,,overpass,,,2026-09-17T13:42:01.350018+00:00,western_premium,Western premium / independent,heuristic:western,"https://www.google.com/maps/search/?api=1&query=-37.7985542,144.8996396"
0ff72ded242da1a9,Lennox St Deli,130 Eglinton Road Moonee Ponds VIC 3039,Moonee Ponds,3039,west,deli,medium,prospect,+61 423 715 253,,-37.767974,144.9086971,Found via OpenStreetMap Overpass,,overpass,,,2026-09-17T13:42:18.979811+00:00,western_premium,Western premium / independent,heuristic:indie_deli,"https://www.google.com/maps/search/?api=1&query=-37.767974,144.9086971"
ba235e90dfe17a09,Lisa Fresh Fruit & Vegetables,VIC,,,west,greengrocer,medium,prospect,,,-37.8009466,144.9020962,Found via OpenStreetMap Overpass,,overpass,,,2026-09-17T13:42:20.912737+00:00,other,Uncategorised / other,other:produce,"https://www.google.com/maps/search/?api=1&query=-37.8009466,144.9020962"
dd3fef9ad1b295c0,Lovely Fresh,VIC,,,west,greengrocer,medium,prospect,,,-37.7582586,144.7899457,Found via OpenStreetMap Overpass,,overpass,,,2026-09-17T13:42:02.285105+00:00,other,Uncategorised / other,other:greengrocer,"https://www.google.com/maps/search/?api=1&query=-37.7582586,144.7899457"
de168ce555a7e490,Mamma's Grocers,VIC,,,west,greengrocer,medium,prospect,,,-37.7942847,144.9296391,Found via OpenStreetMap Overpass,,overpass,,,2026-09-17T13:42:09.938233+00:00,other,Uncategorised / other,other:greengrocer,"https://www.google.com/maps/search/?api=1&query=-37.7942847,144.9296391"
3b84ba51dc2f2b99,Mitko Deli,39 Perth Avenue Albion VIC 3020,Albion,3020,west,deli,medium,prospect,+61 3 9311 8490,https://mitkodeli.com,-37.7767343,144.8149995,Found via OpenStreetMap Overpass,,overpass,,,2026-09-17T13:41:53.007030+00:00,western_premium,Western premium / independent,heuristic:indie_deli,"https://www.google.com/maps/search/?api=1&query=-37.7767343,144.8149995"
ee92031e4b4b90bb,Mount Zero Olives,6 Law Court VIC,,,west,deli,medium,prospect,,https://mountzeroolives.com.au/,-37.8069192,144.8142153,Found via OpenStreetMap Overpass,,overpass,,,2026-09-17T13:42:25.569496+00:00,other,Uncategorised / other,other:fallback,"https://www.google.com/maps/search/?api=1&query=-37.8069192,144.8142153"
dcdf87d76146ecb1,Olsson's,15 Langford Street VIC,,,west,wholesale,medium,prospect,,,-37.7975154,144.9367785,Found via OpenStreetMap Overpass,,overpass,,,2026-09-17T13:42:12.280897+00:00,other,Uncategorised / other,other:fallback,"https://www.google.com/maps/search/?api=1&query=-37.7975154,144.9367785"
0ed6f1d8758e5e29,Pauls Direct Outlet,VIC,,,west,wholesale,medium,prospect,,,-37.7962221,144.8299779,Found via OpenStreetMap Overpass,,overpass,,,2026-09-17T13:42:00.591086+00:00,other,Uncategorised / other,other:fallback,"https://www.google.com/maps/search/?api=1&query=-37.7962221,144.8299779"
35b6b5e736aa2d81,Point Cook Fruit & Veggies,VIC,,,west,greengrocer,medium,prospect,,,-37.8827261,144.7356671,Found via OpenStreetMap Overpass,,overpass,,,2026-09-17T13:42:22.323622+00:00,other,Uncategorised / other,other:produce,"https://www.google.com/maps/search/?api=1&query=-37.8827261,144.7356671"
f76b9394af32f93d,Pricerite Insulation,17 Infinity Drive VIC,,,west,wholesale,medium,prospect,+61 444 511 783,https://www.priceriteinsulation.com.au/,-37.8360479,144.7442731,Found via OpenStreetMap Overpass,,overpass,,,2026-09-17T13:42:08.143463+00:00,other,Uncategorised / other,other:fallback,"https://www.google.com/maps/search/?api=1&query=-37.8360479,144.7442731"
5bf192a0e4795835,Regional Farmers Markets,VIC,,,west,marketplace,medium,prospect,+61 419 351 878,http://www.rfm.net.au/,-37.86476,144.9010245,Found via OpenStreetMap Overpass,,overpass,,,2026-09-17T13:42:13.929199+00:00,other,Uncategorised / other,other:market,"https://www.google.com/maps/search/?api=1&query=-37.86476,144.9010245"
bcaf3b33fdfbcde9,Sagar Spices,254 Hampshire Road VIC,,,west,deli,medium,prospect,,,-37.78576,144.8326461,Found via OpenStreetMap Overpass,,overpass,,,2026-09-17T13:41:59.978607+00:00,other,Uncategorised / other,other:fallback,"https://www.google.com/maps/search/?api=1&query=-37.78576,144.8326461"
addd940c623b6e45,Sagar Spices,VIC,,,west,deli,medium,prospect,,,-37.7855167,144.8328698,Found via OpenStreetMap Overpass,,overpass,,,2026-09-17T13:42:00.014761+00:00,other,Uncategorised / other,other:fallback,"https://www.google.com/maps/search/?api=1&query=-37.7855167,144.8328698"
f66bedbf56f7a626,Shine Trimmings and Fabrics,1 Drake Boulevard Altona VIC 3018,Altona,3018,west,wholesale,medium,prospect,+61 3 9360 0600,https://shinewholesale.com.au/,-37.8506553,144.8346543,Found via OpenStreetMap Overpass,,overpass,,,2026-09-17T13:42:25.857255+00:00,other,Uncategorised / other,other:fallback,"https://www.google.com/maps/search/?api=1&query=-37.8506553,144.8346543"
203716b73ce76401,Spotswood Slow Food Market,VIC,,,west,marketplace,medium,prospect,,,-37.8306438,144.8833822,Found via OpenStreetMap Overpass,,overpass,,,2026-09-17T13:42:13.014546+00:00,other,Uncategorised / other,other:market,"https://www.google.com/maps/search/?api=1&query=-37.8306438,144.8833822"
949ec93c7a4b527a,The Olive Branch,VIC,,,west,deli,medium,prospect,,,-37.8725477,144.7757158,Found via OpenStreetMap Overpass,,overpass,,,2026-09-17T13:42:20.695549+00:00,other,Uncategorised / other,other:fallback,"https://www.google.com/maps/search/?api=1&query=-37.8725477,144.7757158"
9c2fbdf22767cc18,Vic Fields Fruit & Veg,VIC,,,west,greengrocer,medium,prospect,,,-37.7821985,144.8344936,Found via OpenStreetMap Overpass,,overpass,,,2026-09-17T13:41:54.122641+00:00,other,Uncategorised / other,other:produce,"https://www.google.com/maps/search/?api=1&query=-37.7821985,144.8344936"
af60783979b6ccee,Vincent Vegetarian Food,36 West Circuit VIC,,,west,health food,medium,prospect,,,-37.8049595,144.8128273,Found via OpenStreetMap Overpass,,overpass,,,2026-09-17T13:42:25.631759+00:00,western_premium,Western premium / independent,heuristic:western,"https://www.google.com/maps/search/?api=1&query=-37.8049595,144.8128273"
456736f6a3dda74b,Vạn Thành Asian Grocery,VIC,,,west,greengrocer,medium,prospect,,,-37.7692927,144.8647609,Found via OpenStreetMap Overpass,,overpass,,,2026-09-17T13:42:13.790129+00:00,asian,Asian grocery,override:asian grocery,"https://www.google.com/maps/search/?api=1&query=-37.7692927,144.8647609"
de237ea9663d718e,Williamstown specialty / gourmet cluster,"Nelson Place / Ferguson Street, Williamstown VIC 3016",Williamstown,3016,west,gourmet strip,medium,prospect,,,-37.8615,144.9055,Bayside west independents,,seed,,,2026-09-17T13:41:19.747043+00:00,western_premium,Western premium / independent,override:williamstown specialty,"https://www.google.com/maps/search/?api=1&query=-37.8615,144.9055"
893717fad607a635,Yarraville Village specialty foods,"Anderson / Ballarat Street, Yarraville VIC 3013",Yarraville,3013,west,gourmet strip,medium,prospect,,,-37.8165,144.8895,Walk village for independents,,seed,,,2026-09-17T13:41:19.704339+00:00,western_premium,Western premium / independent,override:yarraville village specialty,"https://www.google.com/maps/search/?api=1&query=-37.8165,144.8895"
8c0405e47e4fb1d6,matteo's delicatessen,VIC,,,west,deli,medium,prospect,,,-37.8695606,144.8304217,Found via OpenStreetMap Overpass,,overpass,,,2026-09-17T13:42:23.744963+00:00,western_premium,Western premium / independent,heuristic:western,"https://www.google.com/maps/search/?api=1&query=-37.8695606,144.8304217"
