{"type": "FeatureCollection", "features": [{"type": "Feature", "geometry": {"type": "Point", "coordinates": [145.1177554, -38.0223106]}, "properties": {"id": "0c9f7c7a65d49d0a", "name": "Aspendale Gardens Fruit Centre", "address": "11 Narelle Drive VIC", "suburb": "", "postcode": "", "section_id": "bayside-frankston", "category": "greengrocer", "priority": "medium", "status": "prospect", "phone": "+61 3 9590 9086", "website": "", "notes": "Found via OpenStreetMap Overpass", "sales_category": "other", "sales_category_label": "Uncategorised / other", "sales_category_reason": "other:produce"}}, {"type": "Feature", "geometry": {"type": "Point", "coordinates": [145.1262293, -38.1415516]}, "properties": {"id": "6f9211d5aeb323fc", "name": "Blue Bay Deli", "address": "VIC", "suburb": "", "postcode": "", "section_id": "bayside-frankston", "category": "deli", "priority": "medium", "status": "prospect", "phone": "", "website": "", "notes": "Found via OpenStreetMap Overpass", "sales_category": "other", "sales_category_label": "Uncategorised / other", "sales_category_reason": "other:generic_deli"}}, {"type": "Feature", "geometry": {"type": "Point", "coordinates": [145.130677, -38.1579697]}, "properties": {"id": "7daf0cd215b80b35", "name": "Frank & Jenny's Fruit Shop", "address": "VIC", "suburb": "", "postcode": "", "section_id": "bayside-frankston", "category": "greengrocer", "priority": "medium", "status": "prospect", "phone": "", "website": "", "notes": "Found via OpenStreetMap Overpass", "sales_category": "other", "sales_category_label": "Uncategorised / other", "sales_category_reason": "other:produce"}}, {"type": "Feature", "geometry": {"type": "Point", "coordinates": [145.1225, -38.1445]}, "properties": {"id": "02f29068b0af280f", "name": "Frankston gourmet / health food cluster", "address": "Young Street / Playne Street, Frankston VIC 3199", "suburb": "Frankston", "postcode": "3199", "section_id": "bayside-frankston", "category": "health / specialty", "priority": "medium", "status": "prospect", "phone": "", "website": "", "notes": "Confirm independents on Maps visit", "sales_category": "western_premium", "sales_category_label": "Western premium / independent", "sales_category_reason": "heuristic:western"}}, {"type": "Feature", "geometry": {"type": "Point", "coordinates": [145.1160311, -38.0531535]}, "properties": {"id": "9f18c9340f72f13e", "name": "Go Vita", "address": "417 Nepean Highway VIC", "suburb": "", "postcode": "", "section_id": "bayside-frankston", "category": "health food", "priority": "medium", "status": "prospect", "phone": "", "website": "", "notes": "Found via OpenStreetMap Overpass", "sales_category": "health_chains", "sales_category_label": "Health / vitamin chains", "sales_category_reason": "override:go vita"}}, {"type": "Feature", "geometry": {"type": "Point", "coordinates": [145.1663802, -38.0934205]}, "properties": {"id": "7d83e1b29e95452c", "name": "Lite and Easy", "address": "42 Colemans Road VIC", "suburb": "", "postcode": "", "section_id": "bayside-frankston", "category": "health food", "priority": "medium", "status": "prospect", "phone": "", "website": "", "notes": "Found via OpenStreetMap Overpass", "sales_category": "health_chains", "sales_category_label": "Health / vitamin chains", "sales_category_reason": "override:lite and easy"}}, {"type": "Feature", "geometry": {"type": "Point", "coordinates": [145.1255651, -38.1424972]}, "properties": {"id": "cfc8c23e57863f52", "name": "Lucky's Deli", "address": "VIC", "suburb": "", "postcode": "", "section_id": "bayside-frankston", "category": "deli", "priority": "medium", "status": "prospect", "phone": "", "website": "", "notes": "Found via OpenStreetMap Overpass", "sales_category": "other", "sales_category_label": "Uncategorised / other", "sales_category_reason": "other:generic_deli"}}, {"type": "Feature", "geometry": {"type": "Point", "coordinates": [145.1671785, -38.1521318]}, "properties": {"id": "e5850319de2f2063", "name": "MarketPlace Fresh", "address": "VIC", "suburb": "", "postcode": "", "section_id": "bayside-frankston", "category": "greengrocer", "priority": "medium", "status": "prospect", "phone": "", "website": "https://marketplacefresh.com.au/", "notes": "Found via OpenStreetMap Overpass", "sales_category": "other", "sales_category_label": "Uncategorised / other", "sales_category_reason": "other:produce"}}, {"type": "Feature", "geometry": {"type": "Point", "coordinates": [145.0365, -38.2185]}, "properties": {"id": "020b0a06947d8d80", "name": "Mornington Main Street specialty foods", "address": "Main Street, Mornington VIC 3931", "suburb": "Mornington", "postcode": "3931", "section_id": "bayside-frankston", "category": "gourmet strip", "priority": "medium", "status": "prospect", "phone": "", "website": "", "notes": "Peninsula premium strip", "sales_category": "western_premium", "sales_category_label": "Western premium / independent", "sales_category_reason": "override:mornington main street specialty"}}, {"type": "Feature", "geometry": {"type": "Point", "coordinates": [145.1250519, -38.1449693]}, "properties": {"id": "086b7b3ada6ba904", "name": "Planet Fruit & Vegetables", "address": "71 Young Street Frankston VIC", "suburb": "Frankston", "postcode": "", "section_id": "bayside-frankston", "category": "greengrocer", "priority": "medium", "status": "prospect", "phone": "", "website": "", "notes": "Found via OpenStreetMap Overpass", "sales_category": "other", "sales_category_label": "Uncategorised / other", "sales_category_reason": "other:produce"}}, {"type": "Feature", "geometry": {"type": "Point", "coordinates": [145.1271333, -38.1028195]}, "properties": {"id": "d5fe963bb231d0b0", "name": "Seaford Farmer's Market", "address": "VIC", "suburb": "", "postcode": "", "section_id": "bayside-frankston", "category": "marketplace", "priority": "medium", "status": "prospect", "phone": "", "website": "https://www.facebook.com/SeafordFarmersMarket/", "notes": "Found via OpenStreetMap Overpass", "sales_category": "other", "sales_category_label": "Uncategorised / other", "sales_category_reason": "other:market"}}, {"type": "Feature", "geometry": {"type": "Point", "coordinates": [145.1230605, -38.075402]}, "properties": {"id": "a5c09866ecf0fe52", "name": "The Deli Stall", "address": "503 Station Street Carrum VIC 3197", "suburb": "Carrum", "postcode": "3197", "section_id": "bayside-frankston", "category": "deli", "priority": "medium", "status": "prospect", "phone": "", "website": "", "notes": "Found via OpenStreetMap Overpass", "sales_category": "other", "sales_category_label": "Uncategorised / other", "sales_category_reason": "other:generic_deli"}}, {"type": "Feature", "geometry": {"type": "Point", "coordinates": [145.1120465, -38.0377127]}, "properties": {"id": "8fd90efd89fe0950", "name": "The Green Scoop", "address": "30 Edithvale Road Edithvale VIC 3196", "suburb": "Edithvale", "postcode": "3196", "section_id": "bayside-frankston", "category": "health food", "priority": "medium", "status": "prospect", "phone": "", "website": "", "notes": "Found via OpenStreetMap Overpass", "sales_category": "western_premium", "sales_category_label": "Western premium / independent", "sales_category_reason": "heuristic:western"}}, {"type": "Feature", "geometry": {"type": "Point", "coordinates": [145.1509657, -37.9503588]}, "properties": {"id": "3d93a200947c3c26", "name": "Anloi Deli & Marinades", "address": "VIC", "suburb": "", "postcode": "", "section_id": "dandenong-corridor", "category": "deli", "priority": "medium", "status": "prospect", "phone": "", "website": "", "notes": "Found via OpenStreetMap Overpass", "sales_category": "western_premium", "sales_category_label": "Western premium / independent", "sales_category_reason": "override:anloi deli"}}, {"type": "Feature", "geometry": {"type": "Point", "coordinates": [145.212642, -37.9544308]}, "properties": {"id": "0903cd86c356cb81", "name": "Bambi Deli", "address": "46C Brady Road Dandenong North VIC 3175", "suburb": "Dandenong North", "postcode": "3175", "section_id": "dandenong-corridor", "category": "deli", "priority": "medium", "status": "prospect", "phone": "+61 3 9795 4847", "website": "", "notes": "Found via OpenStreetMap Overpass", "sales_category": "other", "sales_category_label": "Uncategorised / other", "sales_category_reason": "other:generic_deli"}}, {"type": "Feature", "geometry": {"type": "Point", "coordinates": [145.1510653, -37.9502373]}, "properties": {"id": "e3772c218ece82ce", "name": "Binh Minh", "address": "46-48 Buckingham Avenue VIC", "suburb": "", "postcode": "", "section_id": "dandenong-corridor", "category": "greengrocer", "priority": "medium", "status": "prospect", "phone": "", "website": "", "notes": "Found via OpenStreetMap Overpass", "sales_category": "asian", "sales_category_label": "Asian grocery", "sales_category_reason": "override:binh minh"}}, {"type": "Feature", "geometry": {"type": "Point", "coordinates": [145.1498766, -37.9717516]}, "properties": {"id": "09519f41a4afe43e", "name": "Binh Minh Fresh", "address": "VIC", "suburb": "", "postcode": "", "section_id": "dandenong-corridor", "category": "greengrocer", "priority": "medium", "status": "prospect", "phone": "", "website": "", "notes": "Found via OpenStreetMap Overpass", "sales_category": "asian", "sales_category_label": "Asian grocery", "sales_category_reason": "override:binh minh"}}, {"type": "Feature", "geometry": {"type": "Point", "coordinates": [145.1531487, -37.950365]}, "properties": {"id": "dd13cfc8d87097a1", "name": "Chan Kee", "address": "VIC", "suburb": "", "postcode": "", "section_id": "dandenong-corridor", "category": "deli", "priority": "medium", "status": "prospect", "phone": "", "website": "", "notes": "Found via OpenStreetMap Overpass", "sales_category": "asian", "sales_category_label": "Asian grocery", "sales_category_reason": "override:chan kee"}}, {"type": "Feature", "geometry": {"type": "Point", "coordinates": [145.2145, -37.9875]}, "properties": {"id": "596ed3f3a6e25a70", "name": "Dandenong Market", "address": "Cleeland Street, Dandenong VIC 3175", "suburb": "Dandenong", "postcode": "3175", "section_id": "dandenong-corridor", "category": "fresh food market", "priority": "medium", "status": "prospect", "phone": "", "website": "https://www.dandenongmarket.com.au", "notes": "Wholesale-friendly market", "sales_category": "other", "sales_category_label": "Uncategorised / other", "sales_category_reason": "override:dandenong market"}}, {"type": "Feature", "geometry": {"type": "Point", "coordinates": [145.1506843, -37.9479933]}, "properties": {"id": "6ce72d318f0d7eb0", "name": "Daton Groceries", "address": "36 Queens Avenue VIC", "suburb": "", "postcode": "", "section_id": "dandenong-corridor", "category": "greengrocer", "priority": "medium", "status": "prospect", "phone": "", "website": "", "notes": "Found via OpenStreetMap Overpass", "sales_category": "other", "sales_category_label": "Uncategorised / other", "sales_category_reason": "other:greengrocer"}}, {"type": "Feature", "geometry": {"type": "Point", "coordinates": [145.2165292, -37.9892868]}, "properties": {"id": "4d34fc08b70439ed", "name": "Emrah Food Mart", "address": "VIC", "suburb": "", "postcode": "", "section_id": "dandenong-corridor", "category": "deli", "priority": "medium", "status": "prospect", "phone": "", "website": "", "notes": "Found via OpenStreetMap Overpass", "sales_category": "other", "sales_category_label": "Uncategorised / other", "sales_category_reason": "other:fallback"}}, {"type": "Feature", "geometry": {"type": "Point", "coordinates": [145.2367359, -37.9211468]}, "properties": {"id": "cb3eefb431589583", "name": "Henry's Mercato", "address": "VIC", "suburb": "", "postcode": "", "section_id": "dandenong-corridor", "category": "greengrocer", "priority": "medium", "status": "prospect", "phone": "", "website": "", "notes": "Found via OpenStreetMap Overpass", "sales_category": "western_premium", "sales_category_label": "Western premium / independent", "sales_category_reason": "override:henry's mercato"}}, {"type": "Feature", "geometry": {"type": "Point", "coordinates": [145.1215, -37.9155]}, "properties": {"id": "daf89266ec65c7db", "name": "Indian grocery & spice cluster Clayton", "address": "Clayton Road, Clayton VIC 3168", "suburb": "Clayton", "postcode": "3168", "section_id": "dandenong-corridor", "category": "spice / specialty grocery strip", "priority": "medium", "status": "prospect", "phone": "", "website": "", "notes": "Dense spice retail — walk Clayton Rd", "sales_category": "indian", "sales_category_label": "Indian grocery & spices", "sales_category_reason": "override:indian grocery"}}, {"type": "Feature", "geometry": {"type": "Point", "coordinates": [145.1507237, -37.9485042]}, "properties": {"id": "19c1526f1e5ef5e6", "name": "Kampong Cham Grocery", "address": "1-3 St Johns Avenue VIC", "suburb": "", "postcode": "", "section_id": "dandenong-corridor", "category": "greengrocer", "priority": "medium", "status": "prospect", "phone": "+61 488 889 717", "website": "", "notes": "Found via OpenStreetMap Overpass", "sales_category": "asian", "sales_category_label": "Asian grocery", "sales_category_reason": "override:kampong"}}, {"type": "Feature", "geometry": {"type": "Point", "coordinates": [145.15084, -37.9501883]}, "properties": {"id": "b98f09b4aa9d0430", "name": "Lien Hung Chinese Grocery", "address": "VIC", "suburb": "", "postcode": "", "section_id": "dandenong-corridor", "category": "greengrocer", "priority": "medium", "status": "prospect", "phone": "+61 3 9547 4808", "website": "", "notes": "Found via OpenStreetMap Overpass", "sales_category": "asian", "sales_category_label": "Asian grocery", "sales_category_reason": "override:chinese grocery"}}, {"type": "Feature", "geometry": {"type": "Point", "coordinates": [145.2716005, -38.0175534]}, "properties": {"id": "df42ae2cd4d05743", "name": "Manila Grocers", "address": "VIC", "suburb": "", "postcode": "", "section_id": "dandenong-corridor", "category": "wholesale", "priority": "medium", "status": "prospect", "phone": "", "website": "", "notes": "Found via OpenStreetMap Overpass", "sales_category": "asian", "sales_category_label": "Asian grocery", "sales_category_reason": "override:manila grocer"}}, {"type": "Feature", "geometry": {"type": "Point", "coordinates": [145.178516, -37.9537601]}, "properties": {"id": "059036517bb427c0", "name": "Market Europa", "address": "VIC", "suburb": "", "postcode": "", "section_id": "dandenong-corridor", "category": "greengrocer", "priority": "medium", "status": "prospect", "phone": "", "website": "", "notes": "Found via OpenStreetMap Overpass", "sales_category": "western_premium", "sales_category_label": "Western premium / independent", "sales_category_reason": "override:market europa"}}, {"type": "Feature", "geometry": {"type": "Point", "coordinates": [145.1525, -37.9495]}, "properties": {"id": "74829c7ca42bb5b8", "name": "Springvale Asian Grocery cluster", "address": "Springvale Road, Springvale VIC 3171", "suburb": "Springvale", "postcode": "3171", "section_id": "dandenong-corridor", "category": "specialty / spice grocery", "priority": "medium", "status": "prospect", "phone": "", "website": "", "notes": "Dense spice & specialty grocery strip", "sales_category": "asian", "sales_category_label": "Asian grocery", "sales_category_reason": "override:springvale asian"}}, {"type": "Feature", "geometry": {"type": "Point", "coordinates": [145.1525, -37.9495]}, "properties": {"id": "b4abb2682db9b6e7", "name": "Springvale shopping strip (Asian groceries & spices)", "address": "Springvale Road, Springvale VIC 3171", "suburb": "Springvale", "postcode": "3171", "section_id": "dandenong-corridor", "category": "specialty / spice grocery strip", "priority": "medium", "status": "prospect", "phone": "", "website": "", "notes": "Walk the strip for spice & specialty independents", "sales_category": "asian", "sales_category_label": "Asian grocery", "sales_category_reason": "heuristic:asian"}}, {"type": "Feature", "geometry": {"type": "Point", "coordinates": [145.1515148, -37.9515898]}, "properties": {"id": "4faacede6eee9c67", "name": "Thanh Thien Springvale Fresh Fruit Market", "address": "VIC", "suburb": "", "postcode": "", "section_id": "dandenong-corridor", "category": "greengrocer", "priority": "medium", "status": "prospect", "phone": "", "website": "", "notes": "Found via OpenStreetMap Overpass", "sales_category": "asian", "sales_category_label": "Asian grocery", "sales_category_reason": "heuristic:asian"}}, {"type": "Feature", "geometry": {"type": "Point", "coordinates": [145.2042816, -37.9714726]}, "properties": {"id": "efba40e05a46ffcc", "name": "Uncle's Smallgoods", "address": "32 Gladstone Road Dandenong VIC 3175", "suburb": "Dandenong", "postcode": "3175", "section_id": "dandenong-corridor", "category": "deli", "priority": "medium", "status": "prospect", "phone": "+61 3 9793 0135", "website": "https://www.unclessmallgoods.com/", "notes": "Found via OpenStreetMap Overpass", "sales_category": "western_premium", "sales_category_label": "Western premium / independent", "sales_category_reason": "override:uncle's smallgoods"}}, {"type": "Feature", "geometry": {"type": "Point", "coordinates": [145.2163816, -37.9891208]}, "properties": {"id": "1ec2515cdc4c470d", "name": "Wisla Continental", "address": "VIC", "suburb": "", "postcode": "", "section_id": "dandenong-corridor", "category": "deli", "priority": "medium", "status": "prospect", "phone": "", "website": "", "notes": "Found via OpenStreetMap Overpass", "sales_category": "western_premium", "sales_category_label": "Western premium / independent", "sales_category_reason": "override:wisla continental"}}, {"type": "Feature", "geometry": {"type": "Point", "coordinates": [145.0843724, -37.813052]}, "properties": {"id": "ea5a8f76a5276e08", "name": "Balwyn Fruit Supply", "address": "419 Whitehorse Road Balwyn VIC 3103", "suburb": "Balwyn", "postcode": "3103", "section_id": "inner-east", "category": "greengrocer", "priority": "medium", "status": "prospect", "phone": "", "website": "", "notes": "Found via OpenStreetMap Overpass", "sales_category": "other", "sales_category_label": "Uncategorised / other", "sales_category_reason": "other:produce"}}, {"type": "Feature", "geometry": {"type": "Point", "coordinates": [144.9924899, -37.8462769]}, "properties": {"id": "c18677f395d6d316", "name": "Barossa Fine Foods", "address": "VIC", "suburb": "", "postcode": "", "section_id": "inner-east", "category": "deli", "priority": "medium", "status": "prospect", "phone": "", "website": "", "notes": "Found via OpenStreetMap Overpass", "sales_category": "western_premium", "sales_category_label": "Western premium / independent", "sales_category_reason": "override:barossa fine foods"}}, {"type": "Feature", "geometry": {"type": "Point", "coordinates": [145.0427072, -37.8759594]}, "properties": {"id": "e72e9d9bd19c02ce", "name": "Beaucare", "address": "VIC", "suburb": "", "postcode": "", "section_id": "inner-east", "category": "health food", "priority": "medium", "status": "prospect", "phone": "", "website": "", "notes": "Found via OpenStreetMap Overpass", "sales_category": "western_premium", "sales_category_label": "Western premium / independent", "sales_category_reason": "override:beaucare"}}, {"type": "Feature", "geometry": {"type": "Point", "coordinates": [145.0358, -37.8218]}, "properties": {"id": "6c8a8eafd2e97809", "name": "Bird & Co Organics", "address": "Glenferrie Road precinct, Hawthorn VIC 3122", "suburb": "Hawthorn", "postcode": "3122", "section_id": "inner-east", "category": "organic / specialty", "priority": "medium", "status": "prospect", "phone": "", "website": "", "notes": "Verify exact shopfront on Glenferrie Rd visit", "sales_category": "western_premium", "sales_category_label": "Western premium / independent", "sales_category_reason": "override:bird & co"}}, {"type": "Feature", "geometry": {"type": "Point", "coordinates": [144.9964104, -37.8765915]}, "properties": {"id": "793a2692533cd9be", "name": "Bukuria Quality Smallgoods", "address": "VIC", "suburb": "", "postcode": "", "section_id": "inner-east", "category": "deli", "priority": "medium", "status": "prospect", "phone": "", "website": "", "notes": "Found via OpenStreetMap Overpass", "sales_category": "western_premium", "sales_category_label": "Western premium / independent", "sales_category_reason": "override:bukuria"}}, {"type": "Feature", "geometry": {"type": "Point", "coordinates": [145.0578248, -37.831119]}, "properties": {"id": "7d43ac83bdf72789", "name": "Camberwell Fresh Food Market", "address": "525 Riversdale Road Camberwell VIC 3124", "suburb": "Camberwell", "postcode": "3124", "section_id": "inner-east", "category": "organic marketplace", "priority": "medium", "status": "prospect", "phone": "", "website": "", "notes": "Found via OpenStreetMap Overpass", "sales_category": "western_premium", "sales_category_label": "Western premium / independent", "sales_category_reason": "override:camberwell fresh food"}}, {"type": "Feature", "geometry": {"type": "Point", "coordinates": [145.0579477, -37.8297223]}, "properties": {"id": "d0a7878f11975b4f", "name": "Camberwell Sunday Market", "address": "VIC", "suburb": "", "postcode": "", "section_id": "inner-east", "category": "marketplace", "priority": "medium", "status": "prospect", "phone": "", "website": "https://camberwellsundaymarket.org/", "notes": "Found via OpenStreetMap Overpass", "sales_category": "other", "sales_category_label": "Uncategorised / other", "sales_category_reason": "other:produce"}}, {"type": "Feature", "geometry": {"type": "Point", "coordinates": [144.9925025, -37.846207]}, "properties": {"id": "1a79e0a1e486b0c9", "name": "Chaso's Gourmet Deli", "address": "VIC", "suburb": "", "postcode": "", "section_id": "inner-east", "category": "deli", "priority": "medium", "status": "prospect", "phone": "", "website": "", "notes": "Found via OpenStreetMap Overpass", "sales_category": "western_premium", "sales_category_label": "Western premium / independent", "sales_category_reason": "override:chaso's gourmet"}}, {"type": "Feature", "geometry": {"type": "Point", "coordinates": [144.992471, -37.8464174]}, "properties": {"id": "8621cb3943fce51f", "name": "Cleo's Deli", "address": "VIC", "suburb": "", "postcode": "", "section_id": "inner-east", "category": "deli", "priority": "medium", "status": "prospect", "phone": "", "website": "", "notes": "Found via OpenStreetMap Overpass", "sales_category": "other", "sales_category_label": "Uncategorised / other", "sales_category_reason": "other:generic_deli"}}, {"type": "Feature", "geometry": {"type": "Point", "coordinates": [144.99035, -37.78853]}, "properties": {"id": "db9fbab06895ce7f", "name": "DailyFresher Fruit & Vegetables", "address": "322 Queens Parade VIC 3068", "suburb": "", "postcode": "3068", "section_id": "inner-east", "category": "greengrocer", "priority": "medium", "status": "prospect", "phone": "", "website": "", "notes": "Found via OpenStreetMap Overpass", "sales_category": "other", "sales_category_label": "Uncategorised / other", "sales_category_reason": "other:produce"}}, {"type": "Feature", "geometry": {"type": "Point", "coordinates": [144.9988218, -37.8178569]}, "properties": {"id": "7f1ff3f3f779479e", "name": "Demaria's Grocer", "address": "VIC", "suburb": "", "postcode": "", "section_id": "inner-east", "category": "greengrocer", "priority": "medium", "status": "prospect", "phone": "", "website": "", "notes": "Found via OpenStreetMap Overpass", "sales_category": "western_premium", "sales_category_label": "Western premium / independent", "sales_category_reason": "override:demaria"}}, {"type": "Feature", "geometry": {"type": "Point", "coordinates": [144.9991165, -37.8178184]}, "properties": {"id": "09f4a5c61a3bba01", "name": "Demaria's Grocer", "address": "VIC", "suburb": "", "postcode": "", "section_id": "inner-east", "category": "deli", "priority": "medium", "status": "prospect", "phone": "", "website": "", "notes": "Found via OpenStreetMap Overpass", "sales_category": "western_premium", "sales_category_label": "Western premium / independent", "sales_category_reason": "override:demaria"}}, {"type": "Feature", "geometry": {"type": "Point", "coordinates": [144.9924679, -37.8461791]}, "properties": {"id": "ef6b909ec7c44408", "name": "Food House Deli", "address": "VIC", "suburb": "", "postcode": "", "section_id": "inner-east", "category": "deli", "priority": "medium", "status": "prospect", "phone": "", "website": "", "notes": "Found via OpenStreetMap Overpass", "sales_category": "western_premium", "sales_category_label": "Western premium / independent", "sales_category_reason": "override:food house deli"}}, {"type": "Feature", "geometry": {"type": "Point", "coordinates": [145.003641, -37.8025565]}, "properties": {"id": "83981097a4094ff5", "name": "Food Market (4th Saturday)", "address": "VIC", "suburb": "", "postcode": "", "section_id": "inner-east", "category": "marketplace", "priority": "medium", "status": "prospect", "phone": "", "website": "", "notes": "Found via OpenStreetMap Overpass", "sales_category": "other", "sales_category_label": "Uncategorised / other", "sales_category_reason": "other:market"}}, {"type": "Feature", "geometry": {"type": "Point", "coordinates": [144.9925331, -37.8457992]}, "properties": {"id": "35559a10950fc608", "name": "Fruto", "address": "VIC", "suburb": "", "postcode": "", "section_id": "inner-east", "category": "greengrocer", "priority": "medium", "status": "prospect", "phone": "", "website": "", "notes": "Found via OpenStreetMap Overpass", "sales_category": "other", "sales_category_label": "Uncategorised / other", "sales_category_reason": "other:greengrocer"}}, {"type": "Feature", "geometry": {"type": "Point", "coordinates": [145.0016485, -37.8170454]}, "properties": {"id": "abf51628b8d34a7e", "name": "Gleadell Street Market", "address": "VIC", "suburb": "", "postcode": "", "section_id": "inner-east", "category": "marketplace", "priority": "medium", "status": "prospect", "phone": "", "website": "https://www.yarracity.vic.gov.au/the-area/visiting-yarra/markets/gleadell-street-market", "notes": "Found via OpenStreetMap Overpass", "sales_category": "other", "sales_category_label": "Uncategorised / other", "sales_category_reason": "other:market"}}, {"type": "Feature", "geometry": {"type": "Point", "coordinates": [145.0355, -37.8225]}, "properties": {"id": "3641f7b5c85023d2", "name": "Hawthorn Organic Food Store / local organics cluster", "address": "Glenferrie Road precinct, Hawthorn VIC 3122", "suburb": "Hawthorn", "postcode": "3122", "section_id": "inner-east", "category": "organic grocery", "priority": "medium", "status": "prospect", "phone": "", "website": "", "notes": "Walk Glenferrie Rd for independents", "sales_category": "western_premium", "sales_category_label": "Western premium / independent", "sales_category_reason": "override:hawthorn organic"}}, {"type": "Feature", "geometry": {"type": "Point", "coordinates": [145.0775743, -37.7841418]}, "properties": {"id": "2d377d914da22570", "name": "HelleniCo Deli", "address": "121 Bulleen Road VIC", "suburb": "", "postcode": "", "section_id": "inner-east", "category": "deli", "priority": "medium", "status": "prospect", "phone": "+61 3 9857 0135", "website": "https://www.hellenicodeli.com.au/", "notes": "Found via OpenStreetMap Overpass", "sales_category": "western_premium", "sales_category_label": "Western premium / independent", "sales_category_reason": "heuristic:indie_deli"}}, {"type": "Feature", "geometry": {"type": "Point", "coordinates": [144.9967284, -37.8765215]}, "properties": {"id": "c6ab962bf316e009", "name": "Klein's Gourmet Food", "address": "47 Glen Eira Road Ripponlea VIC 3185", "suburb": "Ripponlea", "postcode": "3185", "section_id": "inner-east", "category": "deli", "priority": "medium", "status": "prospect", "phone": "", "website": "", "notes": "Found via OpenStreetMap Overpass", "sales_category": "western_premium", "sales_category_label": "Western premium / independent", "sales_category_reason": "override:klein's gourmet"}}, {"type": "Feature", "geometry": {"type": "Point", "coordinates": [145.0021439, -37.8190285]}, "properties": {"id": "8f6599e2b8ad795b", "name": "Laikon Deli", "address": "324 Bridge Road Richmond VIC 3121", "suburb": "Richmond", "postcode": "3121", "section_id": "inner-east", "category": "deli", "priority": "medium", "status": "prospect", "phone": "", "website": "https://www.laikondeli.com.au/", "notes": "Found via OpenStreetMap Overpass", "sales_category": "western_premium", "sales_category_label": "Western premium / independent", "sales_category_reason": "heuristic:indie_deli"}}, {"type": "Feature", "geometry": {"type": "Point", "coordinates": [144.9936967, -37.8253178]}, "properties": {"id": "602c4109c8f83c3e", "name": "Localized Organic Food Store", "address": "116 Swan Street VIC", "suburb": "", "postcode": "", "section_id": "inner-east", "category": "health food", "priority": "medium", "status": "prospect", "phone": "", "website": "", "notes": "Found via OpenStreetMap Overpass", "sales_category": "western_premium", "sales_category_label": "Western premium / independent", "sales_category_reason": "override:localized organic"}}, {"type": "Feature", "geometry": {"type": "Point", "coordinates": [145.0390684, -37.8754994]}, "properties": {"id": "0ce7f2986a4ff0e3", "name": "Maita", "address": "VIC", "suburb": "", "postcode": "", "section_id": "inner-east", "category": "greengrocer", "priority": "medium", "status": "prospect", "phone": "", "website": "", "notes": "Found via OpenStreetMap Overpass", "sales_category": "other", "sales_category_label": "Uncategorised / other", "sales_category_reason": "other:greengrocer"}}, {"type": "Feature", "geometry": {"type": "Point", "coordinates": [145.0918702, -37.8751549]}, "properties": {"id": "57cb6560d1a56bb6", "name": "Maxmore", "address": "VIC", "suburb": "", "postcode": "", "section_id": "inner-east", "category": "health food", "priority": "medium", "status": "prospect", "phone": "", "website": "", "notes": "Found via OpenStreetMap Overpass", "sales_category": "western_premium", "sales_category_label": "Western premium / independent", "sales_category_reason": "override:maxmore"}}, {"type": "Feature", "geometry": {"type": "Point", "coordinates": [145.0473435, -37.8331941]}, "properties": {"id": "4a0b605d0710fd71", "name": "McCoppins Food & Wine", "address": "VIC", "suburb": "", "postcode": "", "section_id": "inner-east", "category": "deli", "priority": "medium", "status": "prospect", "phone": "", "website": "", "notes": "Found via OpenStreetMap Overpass", "sales_category": "western_premium", "sales_category_label": "Western premium / independent", "sales_category_reason": "override:mccoppin"}}, {"type": "Feature", "geometry": {"type": "Point", "coordinates": [145.1053014, -37.8203525]}, "properties": {"id": "6447c45d7c1e9543", "name": "Mont Albert Fresh Fruit & Vegetables", "address": "VIC", "suburb": "", "postcode": "", "section_id": "inner-east", "category": "organic greengrocer", "priority": "medium", "status": "prospect", "phone": "", "website": "", "notes": "Found via OpenStreetMap Overpass", "sales_category": "other", "sales_category_label": "Uncategorised / other", "sales_category_reason": "other:produce"}}, {"type": "Feature", "geometry": {"type": "Point", "coordinates": [144.9925248, -37.8463531]}, "properties": {"id": "99ef6072b7f1be8a", "name": "Naheda's Choice", "address": "VIC", "suburb": "", "postcode": "", "section_id": "inner-east", "category": "deli", "priority": "medium", "status": "prospect", "phone": "", "website": "", "notes": "Found via OpenStreetMap Overpass", "sales_category": "other", "sales_category_label": "Uncategorised / other", "sales_category_reason": "other:fallback"}}, {"type": "Feature", "geometry": {"type": "Point", "coordinates": [144.9925682, -37.8460307]}, "properties": {"id": "022df7cb951a1148", "name": "Naheda’s Choice", "address": "VIC", "suburb": "", "postcode": "", "section_id": "inner-east", "category": "greengrocer", "priority": "medium", "status": "prospect", "phone": "", "website": "", "notes": "Found via OpenStreetMap Overpass", "sales_category": "other", "sales_category_label": "Uncategorised / other", "sales_category_reason": "other:greengrocer"}}, {"type": "Feature", "geometry": {"type": "Point", "coordinates": [144.9830413, -37.7840326]}, "properties": {"id": "43d13794256c8d29", "name": "Obelix & Co", "address": "217 St Georges Road VIC", "suburb": "", "postcode": "", "section_id": "inner-east", "category": "deli", "priority": "medium", "status": "prospect", "phone": "+61 3 9077 2974", "website": "https://obelixandco.com.au/", "notes": "Found via OpenStreetMap Overpass", "sales_category": "other", "sales_category_label": "Uncategorised / other", "sales_category_reason": "other:fallback"}}, {"type": "Feature", "geometry": {"type": "Point", "coordinates": [144.9924783, -37.8463446]}, "properties": {"id": "07fd09c7307fe946", "name": "Pete n' Rosies", "address": "VIC", "suburb": "", "postcode": "", "section_id": "inner-east", "category": "deli", "priority": "medium", "status": "prospect", "phone": "", "website": "", "notes": "Found via OpenStreetMap Overpass", "sales_category": "other", "sales_category_label": "Uncategorised / other", "sales_category_reason": "other:fallback"}}, {"type": "Feature", "geometry": {"type": "Point", "coordinates": [144.9929051, -37.8459327]}, "properties": {"id": "0f38f7d4d789defd", "name": "Pino's Fresh Produce", "address": "VIC", "suburb": "", "postcode": "", "section_id": "inner-east", "category": "greengrocer", "priority": "medium", "status": "prospect", "phone": "", "website": "", "notes": "Found via OpenStreetMap Overpass", "sales_category": "other", "sales_category_label": "Uncategorised / other", "sales_category_reason": "other:produce"}}, {"type": "Feature", "geometry": {"type": "Point", "coordinates": [144.9925928, -37.8460646]}, "properties": {"id": "df5fb7c2d96c85b6", "name": "Prahran Market", "address": "163 Commercial Road VIC 3141", "suburb": "", "postcode": "3141", "section_id": "inner-east", "category": "marketplace", "priority": "medium", "status": "prospect", "phone": "", "website": "https://www.prahranmarket.com.au/", "notes": "Found via OpenStreetMap Overpass", "sales_category": "western_premium", "sales_category_label": "Western premium / independent", "sales_category_reason": "override:prahran market"}}, {"type": "Feature", "geometry": {"type": "Point", "coordinates": [145.0361977, -37.8195972]}, "properties": {"id": "de3985d6f9bf1fc2", "name": "Providore", "address": "722 Glenferrie Road VIC", "suburb": "", "postcode": "", "section_id": "inner-east", "category": "deli", "priority": "medium", "status": "prospect", "phone": "", "website": "", "notes": "Found via OpenStreetMap Overpass", "sales_category": "western_premium", "sales_category_label": "Western premium / independent", "sales_category_reason": "override:providore"}}, {"type": "Feature", "geometry": {"type": "Point", "coordinates": [144.9927182, -37.8458345]}, "properties": {"id": "66b92d6ef4ecc768", "name": "Reliable Fruit", "address": "VIC", "suburb": "", "postcode": "", "section_id": "inner-east", "category": "greengrocer", "priority": "medium", "status": "prospect", "phone": "", "website": "", "notes": "Found via OpenStreetMap Overpass", "sales_category": "other", "sales_category_label": "Uncategorised / other", "sales_category_reason": "other:produce"}}, {"type": "Feature", "geometry": {"type": "Point", "coordinates": [144.9975, -37.8235]}, "properties": {"id": "204c08c6911939f7", "name": "Richmond Swan Street specialty foods", "address": "Swan Street, Richmond VIC 3121", "suburb": "Richmond", "postcode": "3121", "section_id": "inner-east", "category": "gourmet strip", "priority": "medium", "status": "prospect", "phone": "", "website": "", "notes": "Inner-east independents", "sales_category": "western_premium", "sales_category_label": "Western premium / independent", "sales_category_reason": "override:richmond swan street specialty"}}, {"type": "Feature", "geometry": {"type": "Point", "coordinates": [145.0712586, -37.7926114]}, "properties": {"id": "7a158335ffd86185", "name": "Salzano Delicatessen", "address": "73 Doncaster Road VIC", "suburb": "", "postcode": "", "section_id": "inner-east", "category": "deli", "priority": "medium", "status": "prospect", "phone": "+61 3 9859 0588", "website": "", "notes": "Found via OpenStreetMap Overpass", "sales_category": "western_premium", "sales_category_label": "Western premium / independent", "sales_category_reason": "override:salzano"}}, {"type": "Feature", "geometry": {"type": "Point", "coordinates": [145.0848285, -37.8131298]}, "properties": {"id": "4f1f68c871fb408f", "name": "Signorelli Fresh", "address": "433 Whitehorse Road Balwyn VIC 3103", "suburb": "Balwyn", "postcode": "3103", "section_id": "inner-east", "category": "greengrocer", "priority": "medium", "status": "prospect", "phone": "", "website": "", "notes": "Found via OpenStreetMap Overpass", "sales_category": "other", "sales_category_label": "Uncategorised / other", "sales_category_reason": "other:greengrocer"}}, {"type": "Feature", "geometry": {"type": "Point", "coordinates": [145.0714684, -37.7926631]}, "properties": {"id": "abc22184e15a8e09", "name": "Signorelli's", "address": "79 Doncaster Road Balwyn North VIC 3104", "suburb": "Balwyn North", "postcode": "3104", "section_id": "inner-east", "category": "greengrocer", "priority": "medium", "status": "prospect", "phone": "", "website": "", "notes": "Found via OpenStreetMap Overpass", "sales_category": "other", "sales_category_label": "Uncategorised / other", "sales_category_reason": "other:greengrocer"}}, {"type": "Feature", "geometry": {"type": "Point", "coordinates": [144.984232, -37.800176]}, "properties": {"id": "673ed9d19f906671", "name": "Smith Street Alimentari", "address": "302 Smith Street Collingwood VIC 3066", "suburb": "Collingwood", "postcode": "3066", "section_id": "inner-east", "category": "deli", "priority": "medium", "status": "prospect", "phone": "", "website": "", "notes": "Found via OpenStreetMap Overpass", "sales_category": "other", "sales_category_label": "Uncategorised / other", "sales_category_reason": "other:fallback"}}, {"type": "Feature", "geometry": {"type": "Point", "coordinates": [144.9823458, -37.8343193]}, "properties": {"id": "db9c1852a0d45563", "name": "South Yarra Finer Fruit", "address": "123B Park Street VIC", "suburb": "", "postcode": "", "section_id": "inner-east", "category": "greengrocer", "priority": "medium", "status": "prospect", "phone": "+61 3 9866 2746", "website": "", "notes": "Found via OpenStreetMap Overpass", "sales_category": "other", "sales_category_label": "Uncategorised / other", "sales_category_reason": "other:produce"}}, {"type": "Feature", "geometry": {"type": "Point", "coordinates": [145.0294203, -37.8578573]}, "properties": {"id": "86249698d0add563", "name": "Stan's Deli", "address": "248b Glenferrie Road VIC 3144", "suburb": "", "postcode": "3144", "section_id": "inner-east", "category": "deli", "priority": "medium", "status": "prospect", "phone": "", "website": "", "notes": "Found via OpenStreetMap Overpass", "sales_category": "western_premium", "sales_category_label": "Western premium / independent", "sales_category_reason": "heuristic:indie_deli"}}, {"type": "Feature", "geometry": {"type": "Point", "coordinates": [144.9959035, -37.8093939]}, "properties": {"id": "02216c68de9d1208", "name": "TDP Marts Abbotsford", "address": "313 Victoria Street Abbotsford VIC 3067", "suburb": "Abbotsford", "postcode": "3067", "section_id": "inner-east", "category": "greengrocer", "priority": "medium", "status": "prospect", "phone": "", "website": "", "notes": "Found via OpenStreetMap Overpass", "sales_category": "other", "sales_category_label": "Uncategorised / other", "sales_category_reason": "other:greengrocer"}}, {"type": "Feature", "geometry": {"type": "Point", "coordinates": [144.9925364, -37.8462677]}, "properties": {"id": "f5c088be6002ed3e", "name": "The Cheese Shop Deli", "address": "VIC", "suburb": "", "postcode": "", "section_id": "inner-east", "category": "deli", "priority": "medium", "status": "prospect", "phone": "", "website": "", "notes": "Found via OpenStreetMap Overpass", "sales_category": "western_premium", "sales_category_label": "Western premium / independent", "sales_category_reason": "override:cheese shop"}}, {"type": "Feature", "geometry": {"type": "Point", "coordinates": [145.0780847, -37.8631005]}, "properties": {"id": "70ce6fdd4db6a6f0", "name": "The Corner Deli", "address": "229 High Street Ashburton VIC 3147", "suburb": "Ashburton", "postcode": "3147", "section_id": "inner-east", "category": "deli", "priority": "medium", "status": "prospect", "phone": "+61 3 9985 1808", "website": "", "notes": "Found via OpenStreetMap Overpass", "sales_category": "western_premium", "sales_category_label": "Western premium / independent", "sales_category_reason": "heuristic:indie_deli"}}, {"type": "Feature", "geometry": {"type": "Point", "coordinates": [144.9921586, -37.7874566]}, "properties": {"id": "1f3351cecd02979a", "name": "The Fermentary", "address": "394 Queens Parade VIC 3068", "suburb": "", "postcode": "3068", "section_id": "inner-east", "category": "deli", "priority": "medium", "status": "prospect", "phone": "", "website": "https://www.thefermentary.com.au/", "notes": "Found via OpenStreetMap Overpass", "sales_category": "other", "sales_category_label": "Uncategorised / other", "sales_category_reason": "other:fallback"}}, {"type": "Feature", "geometry": {"type": "Point", "coordinates": [145.0930784, -37.8499983]}, "properties": {"id": "2cfab34686728e62", "name": "The Rustic Table Delicatessen & Cafe", "address": "VIC", "suburb": "", "postcode": "", "section_id": "inner-east", "category": "deli", "priority": "medium", "status": "prospect", "phone": "", "website": "", "notes": "Found via OpenStreetMap Overpass", "sales_category": "western_premium", "sales_category_label": "Western premium / independent", "sales_category_reason": "override:rustic table"}}, {"type": "Feature", "geometry": {"type": "Point", "coordinates": [145.0352, -37.8228]}, "properties": {"id": "442db402bf9ae7d3", "name": "The Source Bulk Foods Hawthorn", "address": "670 Glenferrie Road, Hawthorn VIC 3122", "suburb": "Hawthorn", "postcode": "3122", "section_id": "inner-east", "category": "bulk / wholefoods", "priority": "medium", "status": "prospect", "phone": "", "website": "https://www.thesourcebulkfoods.com.au", "notes": "Bulk wholefoods chain — check spice range & buyer", "sales_category": "western_premium", "sales_category_label": "Western premium / independent", "sales_category_reason": "override:the source bulk"}}, {"type": "Feature", "geometry": {"type": "Point", "coordinates": [145.0779546, -37.8630815]}, "properties": {"id": "584fe2e8a3b82256", "name": "Top Shelf Fruits", "address": "225 High Street Ashburton VIC 3147", "suburb": "Ashburton", "postcode": "3147", "section_id": "inner-east", "category": "greengrocer", "priority": "medium", "status": "prospect", "phone": "+61 3 9885 2242", "website": "", "notes": "Found via OpenStreetMap Overpass", "sales_category": "other", "sales_category_label": "Uncategorised / other", "sales_category_reason": "other:greengrocer"}}, {"type": "Feature", "geometry": {"type": "Point", "coordinates": [145.0325457, -37.8060227]}, "properties": {"id": "7edcb971eefa1dea", "name": "Toscano's", "address": "VIC", "suburb": "", "postcode": "", "section_id": "inner-east", "category": "greengrocer", "priority": "medium", "status": "prospect", "phone": "", "website": "", "notes": "Found via OpenStreetMap Overpass", "sales_category": "other", "sales_category_label": "Uncategorised / other", "sales_category_reason": "other:greengrocer"}}, {"type": "Feature", "geometry": {"type": "Point", "coordinates": [145.0937848, -37.7916066]}, "properties": {"id": "cd58fbc4a320410b", "name": "Viva La Fruit", "address": "VIC", "suburb": "", "postcode": "", "section_id": "inner-east", "category": "greengrocer", "priority": "medium", "status": "prospect", "phone": "", "website": "", "notes": "Found via OpenStreetMap Overpass", "sales_category": "other", "sales_category_label": "Uncategorised / other", "sales_category_reason": "other:produce"}}, {"type": "Feature", "geometry": {"type": "Point", "coordinates": [144.9958581, -37.8550654]}, "properties": {"id": "fffeff24fdecbf0b", "name": "Windsor Deli", "address": "33 Hornby Street VIC", "suburb": "", "postcode": "", "section_id": "inner-east", "category": "deli", "priority": "medium", "status": "prospect", "phone": "", "website": "", "notes": "Found via OpenStreetMap Overpass", "sales_category": "western_premium", "sales_category_label": "Western premium / independent", "sales_category_reason": "heuristic:indie_deli"}}, {"type": "Feature", "geometry": {"type": "Point", "coordinates": [145.0586, -37.8264]}, "properties": {"id": "113e59a0f4724f85", "name": "Camberwell Fresh Food Market", "address": "19 Station Street, Camberwell VIC 3124", "suburb": "Camberwell", "postcode": "3124", "section_id": "inner-east", "category": "fresh food market / wholesale precinct", "priority": "high", "status": "prospect", "phone": "", "website": "", "notes": "Fresh food / wholesale precinct", "sales_category": "western_premium", "sales_category_label": "Western premium / independent", "sales_category_reason": "override:camberwell fresh food"}}, {"type": "Feature", "geometry": {"type": "Point", "coordinates": [145.0575, -37.8305]}, "properties": {"id": "7011052e12c52282", "name": "Camberwell Fresh Food Market / Wholesale area", "address": "Camberwell Road / Market precinct, Camberwell VIC 3124", "suburb": "Camberwell", "postcode": "3124", "section_id": "inner-east", "category": "fresh food / wholesale precinct", "priority": "high", "status": "prospect", "phone": "", "website": "", "notes": "Wholesale / fresh food precinct — verify stalls & buyers", "sales_category": "western_premium", "sales_category_label": "Western premium / independent", "sales_category_reason": "override:camberwell fresh food"}}, {"type": "Feature", "geometry": {"type": "Point", "coordinates": [145.0575, -37.8305]}, "properties": {"id": "e586a229ab7b2e47", "name": "Camberwell Junction specialty & deli strip", "address": "Burke Road / Camberwell Road, Camberwell VIC 3124", "suburb": "Camberwell", "postcode": "3124", "section_id": "inner-east", "category": "gourmet strip", "priority": "high", "status": "prospect", "phone": "", "website": "", "notes": "Walk Junction for delis & specialty", "sales_category": "western_premium", "sales_category_label": "Western premium / independent", "sales_category_reason": "override:camberwell junction specialty"}}, {"type": "Feature", "geometry": {"type": "Point", "coordinates": [145.0285, -37.8465]}, "properties": {"id": "258e9b8375cedaac", "name": "Malvern / Glenferrie Rd South specialty", "address": "Glenferrie Road, Malvern VIC 3144", "suburb": "Malvern", "postcode": "3144", "section_id": "inner-east", "category": "gourmet strip", "priority": "high", "status": "prospect", "phone": "", "website": "", "notes": "Premium inner-east strip", "sales_category": "western_premium", "sales_category_label": "Western premium / independent", "sales_category_reason": "override:malvern / glenferrie"}}, {"type": "Feature", "geometry": {"type": "Point", "coordinates": [145.0365, -37.8075]}, "properties": {"id": "3fac06368f62f3d6", "name": "Terra Madre", "address": "113 Cotham Road, Kew VIC 3101", "suburb": "Kew", "postcode": "3101", "section_id": "inner-east", "category": "gourmet / specialty foods", "priority": "high", "status": "prospect", "phone": "", "website": "https://www.terramadre.com.au", "notes": "Premium specialty foods — core Nature's Pinch example", "sales_category": "western_premium", "sales_category_label": "Western premium / independent", "sales_category_reason": "override:terra madre"}}, {"type": "Feature", "geometry": {"type": "Point", "coordinates": [145.0155, -37.8405]}, "properties": {"id": "30fb66f1d57cfec1", "name": "Toorak Village specialty foods", "address": "Toorak Road, Toorak VIC 3142", "suburb": "Toorak", "postcode": "3142", "section_id": "inner-east", "category": "gourmet strip", "priority": "high", "status": "prospect", "phone": "", "website": "", "notes": "High-end independents", "sales_category": "western_premium", "sales_category_label": "Western premium / independent", "sales_category_reason": "override:toorak village"}}, {"type": "Feature", "geometry": {"type": "Point", "coordinates": [145.2827292, -38.1119729]}, "properties": {"id": "c0fb4151c2e563cb", "name": "Ahmed Supermarket", "address": "VIC", "suburb": "", "postcode": "", "section_id": "inner-melbourne", "category": "deli", "priority": "medium", "status": "prospect", "phone": "", "website": "", "notes": "Found via OpenStreetMap Overpass", "sales_category": "other", "sales_category_label": "Uncategorised / other", "sales_category_reason": "other:fallback"}}, {"type": "Feature", "geometry": {"type": "Point", "coordinates": [144.947917, -37.6667738]}, "properties": {"id": "a0deb9a537e27fd7", "name": "Al-Nahrain (Fruit and Nuts)", "address": "VIC", "suburb": "", "postcode": "", "section_id": "inner-melbourne", "category": "deli", "priority": "medium", "status": "prospect", "phone": "", "website": "", "notes": "Found via OpenStreetMap Overpass", "sales_category": "other", "sales_category_label": "Uncategorised / other", "sales_category_reason": "other:produce"}}, {"type": "Feature", "geometry": {"type": "Point", "coordinates": [144.9541166, -37.8414732]}, "properties": {"id": "9abf34d87d5c5f5a", "name": "Albert Park Deli", "address": "VIC", "suburb": "", "postcode": "", "section_id": "inner-melbourne", "category": "deli", "priority": "medium", "status": "prospect", "phone": "", "website": "", "notes": "Found via OpenStreetMap Overpass", "sales_category": "western_premium", "sales_category_label": "Western premium / independent", "sales_category_reason": "heuristic:indie_deli"}}, {"type": "Feature", "geometry": {"type": "Point", "coordinates": [144.9564065, -37.8327228]}, "properties": {"id": "bbe7aaaf68509a6b", "name": "Alka Polish Deli", "address": "VIC", "suburb": "", "postcode": "", "section_id": "inner-melbourne", "category": "deli", "priority": "medium", "status": "prospect", "phone": "+61 414 380 495", "website": "", "notes": "Found via OpenStreetMap Overpass", "sales_category": "western_premium", "sales_category_label": "Western premium / independent", "sales_category_reason": "heuristic:western"}}, {"type": "Feature", "geometry": {"type": "Point", "coordinates": [145.2828198, -38.1116103]}, "properties": {"id": "0757615aeba22b45", "name": "Amma Spices & Foods - Indian Grocery", "address": "VIC", "suburb": "", "postcode": "", "section_id": "inner-melbourne", "category": "deli", "priority": "medium", "status": "prospect", "phone": "", "website": "", "notes": "Found via OpenStreetMap Overpass", "sales_category": "indian", "sales_category_label": "Indian grocery & spices", "sales_category_reason": "override:indian grocery"}}, {"type": "Feature", "geometry": {"type": "Point", "coordinates": [145.0161593, -37.6731324]}, "properties": {"id": "5b12f58b12e5720b", "name": "Basile's Fruit Market", "address": "VIC", "suburb": "", "postcode": "", "section_id": "inner-melbourne", "category": "greengrocer", "priority": "medium", "status": "prospect", "phone": "", "website": "", "notes": "Found via OpenStreetMap Overpass", "sales_category": "other", "sales_category_label": "Uncategorised / other", "sales_category_reason": "other:produce"}}, {"type": "Feature", "geometry": {"type": "Point", "coordinates": [145.3448538, -38.0313879]}, "properties": {"id": "66d2069a5d2180d1", "name": "Berwick Fresh", "address": "VIC", "suburb": "", "postcode": "", "section_id": "inner-melbourne", "category": "greengrocer", "priority": "medium", "status": "prospect", "phone": "", "website": "", "notes": "Found via OpenStreetMap Overpass", "sales_category": "other", "sales_category_label": "Uncategorised / other", "sales_category_reason": "other:greengrocer"}}, {"type": "Feature", "geometry": {"type": "Point", "coordinates": [144.958996, -37.8067233]}, "properties": {"id": "9b77f7ce2ecc36f1", "name": "Big Vic Deli", "address": "VIC", "suburb": "", "postcode": "", "section_id": "inner-melbourne", "category": "deli", "priority": "medium", "status": "prospect", "phone": "", "website": "", "notes": "Found via OpenStreetMap Overpass", "sales_category": "western_premium", "sales_category_label": "Western premium / independent", "sales_category_reason": "heuristic:indie_deli"}}, {"type": "Feature", "geometry": {"type": "Point", "coordinates": [144.9590019, -37.8068447]}, "properties": {"id": "ae9b05f1870f66ac", "name": "Bill's Farm", "address": "VIC", "suburb": "", "postcode": "", "section_id": "inner-melbourne", "category": "deli", "priority": "medium", "status": "prospect", "phone": "", "website": "", "notes": "Found via OpenStreetMap Overpass", "sales_category": "other", "sales_category_label": "Uncategorised / other", "sales_category_reason": "other:fallback"}}, {"type": "Feature", "geometry": {"type": "Point", "coordinates": [145.3052183, -37.9654732]}, "properties": {"id": "b50694c4f3ff14f4", "name": "Bill's Orchard Gate", "address": "VIC", "suburb": "", "postcode": "", "section_id": "inner-melbourne", "category": "greengrocer", "priority": "medium", "status": "prospect", "phone": "", "website": "", "notes": "Found via OpenStreetMap Overpass", "sales_category": "other", "sales_category_label": "Uncategorised / other", "sales_category_reason": "other:greengrocer"}}, {"type": "Feature", "geometry": {"type": "Point", "coordinates": [145.1394123, -37.7190475]}, "properties": {"id": "35a80b52e8292c74", "name": "Bodi Choice", "address": "VIC", "suburb": "", "postcode": "", "section_id": "inner-melbourne", "category": "health food", "priority": "medium", "status": "prospect", "phone": "", "website": "", "notes": "Found via OpenStreetMap Overpass", "sales_category": "western_premium", "sales_category_label": "Western premium / independent", "sales_category_reason": "heuristic:western"}}, {"type": "Feature", "geometry": {"type": "Point", "coordinates": [145.3210752, -38.0225567]}, "properties": {"id": "8584a7c8f4c552e0", "name": "Bushman Deli (Bushman Meats)", "address": "8 The Gateway Berwick VIC 3806", "suburb": "Berwick", "postcode": "3806", "section_id": "inner-melbourne", "category": "deli", "priority": "medium", "status": "prospect", "phone": "", "website": "https://bushmanmeats.com.au/", "notes": "Found via OpenStreetMap Overpass", "sales_category": "western_premium", "sales_category_label": "Western premium / independent", "sales_category_reason": "heuristic:indie_deli"}}, {"type": "Feature", "geometry": {"type": "Point", "coordinates": [145.2662553, -38.0324419]}, "properties": {"id": "5b7630a5667cbebe", "name": "Cake Point & Spices", "address": "VIC", "suburb": "", "postcode": "", "section_id": "inner-melbourne", "category": "deli", "priority": "medium", "status": "prospect", "phone": "", "website": "", "notes": "Found via OpenStreetMap Overpass", "sales_category": "other", "sales_category_label": "Uncategorised / other", "sales_category_reason": "other:fallback"}}, {"type": "Feature", "geometry": {"type": "Point", "coordinates": [144.974876, -37.805373]}, "properties": {"id": "de34d1a8ed5c6841", "name": "Cantina della Casa", "address": "13 Gertrude Street VIC", "suburb": "", "postcode": "", "section_id": "inner-melbourne", "category": "deli", "priority": "medium", "status": "prospect", "phone": "+61 3 9090 7870", "website": "", "notes": "Found via OpenStreetMap Overpass", "sales_category": "other", "sales_category_label": "Uncategorised / other", "sales_category_reason": "other:fallback"}}, {"type": "Feature", "geometry": {"type": "Point", "coordinates": [144.9729614, -37.7907829]}, "properties": {"id": "ef01debaf3d78188", "name": "Carlton Farmers Market", "address": "VIC", "suburb": "", "postcode": "", "section_id": "inner-melbourne", "category": "marketplace", "priority": "medium", "status": "prospect", "phone": "", "website": "https://mfm.com.au/", "notes": "Found via OpenStreetMap Overpass", "sales_category": "other", "sales_category_label": "Uncategorised / other", "sales_category_reason": "other:produce"}}, {"type": "Feature", "geometry": {"type": "Point", "coordinates": [144.9788, -37.7988]}, "properties": {"id": "0a75541553b1dce2", "name": "Casa Iberica", "address": "25 Johnston Street, Fitzroy VIC 3065", "suburb": "Fitzroy", "postcode": "3065", "section_id": "inner-melbourne", "category": "specialty / gourmet", "priority": "medium", "status": "prospect", "phone": "", "website": "", "notes": "Spanish/Portuguese specialty foods", "sales_category": "western_premium", "sales_category_label": "Western premium / independent", "sales_category_reason": "override:casa iberica"}}, {"type": "Feature", "geometry": {"type": "Point", "coordinates": [145.0137431, -37.6567468]}, "properties": {"id": "bd5c202b2161b0fa", "name": "Costco", "address": "VIC", "suburb": "", "postcode": "", "section_id": "inner-melbourne", "category": "wholesale", "priority": "medium", "status": "prospect", "phone": "", "website": "https://www.costco.com.au", "notes": "Found via OpenStreetMap Overpass", "sales_category": "other", "sales_category_label": "Uncategorised / other", "sales_category_reason": "other:noise"}}, {"type": "Feature", "geometry": {"type": "Point", "coordinates": [145.2820081, -38.1104693]}, "properties": {"id": "1552b2c6290e5d1f", "name": "Cranbourne Park Fresh", "address": "VIC", "suburb": "", "postcode": "", "section_id": "inner-melbourne", "category": "greengrocer", "priority": "medium", "status": "prospect", "phone": "", "website": "", "notes": "Found via OpenStreetMap Overpass", "sales_category": "other", "sales_category_label": "Uncategorised / other", "sales_category_reason": "other:greengrocer"}}, {"type": "Feature", "geometry": {"type": "Point", "coordinates": [144.9673835, -37.7992542]}, "properties": {"id": "2dbd7fc7756ce12a", "name": "D.O.C Delicatessen", "address": "330 Lygon Street VIC", "suburb": "", "postcode": "", "section_id": "inner-melbourne", "category": "deli", "priority": "medium", "status": "prospect", "phone": "+61 3 9347 8482", "website": "https://docgroup.net/", "notes": "Found via OpenStreetMap Overpass", "sales_category": "western_premium", "sales_category_label": "Western premium / independent", "sales_category_reason": "heuristic:western"}}, {"type": "Feature", "geometry": {"type": "Point", "coordinates": [145.2651196, -38.0331315]}, "properties": {"id": "3f39a520c6db2a52", "name": "Dandy Mart", "address": "VIC", "suburb": "", "postcode": "", "section_id": "inner-melbourne", "category": "greengrocer", "priority": "medium", "status": "prospect", "phone": "", "website": "", "notes": "Found via OpenStreetMap Overpass", "sales_category": "other", "sales_category_label": "Uncategorised / other", "sales_category_reason": "other:greengrocer"}}, {"type": "Feature", "geometry": {"type": "Point", "coordinates": [145.0921537, -37.7654042]}, "properties": {"id": "69f9b4b869af4adb", "name": "Deli Now", "address": "VIC", "suburb": "", "postcode": "", "section_id": "inner-melbourne", "category": "deli", "priority": "medium", "status": "prospect", "phone": "", "website": "", "notes": "Found via OpenStreetMap Overpass", "sales_category": "western_premium", "sales_category_label": "Western premium / independent", "sales_category_reason": "heuristic:indie_deli"}}, {"type": "Feature", "geometry": {"type": "Point", "coordinates": [145.3419799, -38.0378677]}, "properties": {"id": "800e03194ae8c457", "name": "Delizioso Delicatessen", "address": "VIC", "suburb": "", "postcode": "", "section_id": "inner-melbourne", "category": "deli", "priority": "medium", "status": "prospect", "phone": "", "website": "https://deliziosodelicatessen.com.au/", "notes": "Found via OpenStreetMap Overpass", "sales_category": "western_premium", "sales_category_label": "Western premium / independent", "sales_category_reason": "heuristic:western"}}, {"type": "Feature", "geometry": {"type": "Point", "coordinates": [145.1512818, -37.6724444]}, "properties": {"id": "493ba13705f39e1c", "name": "Di Pietro's", "address": "1-11 Chute Street Diamond Creek VIC 3089", "suburb": "Diamond Creek", "postcode": "3089", "section_id": "inner-melbourne", "category": "deli", "priority": "medium", "status": "prospect", "phone": "", "website": "", "notes": "Found via OpenStreetMap Overpass", "sales_category": "other", "sales_category_label": "Uncategorised / other", "sales_category_reason": "other:fallback"}}, {"type": "Feature", "geometry": {"type": "Point", "coordinates": [144.9591894, -37.8071226]}, "properties": {"id": "44606d3573d941e2", "name": "Diannes Delights", "address": "VIC", "suburb": "", "postcode": "", "section_id": "inner-melbourne", "category": "deli", "priority": "medium", "status": "prospect", "phone": "", "website": "", "notes": "Found via OpenStreetMap Overpass", "sales_category": "western_premium", "sales_category_label": "Western premium / independent", "sales_category_reason": "heuristic:indie_deli"}}, {"type": "Feature", "geometry": {"type": "Point", "coordinates": [145.0895034, -38.184952]}, "properties": {"id": "c69189bf6208afd9", "name": "Eliza Health Food & Gifts", "address": "89 Mount Eliza Way Mount Eliza VIC 3930", "suburb": "Mount Eliza", "postcode": "3930", "section_id": "inner-melbourne", "category": "health food", "priority": "medium", "status": "prospect", "phone": "+61 3 9775 2611", "website": "https://www.elizahealthfood.com.au/", "notes": "Found via OpenStreetMap Overpass", "sales_category": "western_premium", "sales_category_label": "Western premium / independent", "sales_category_reason": "heuristic:western"}}, {"type": "Feature", "geometry": {"type": "Point", "coordinates": [145.1485919, -37.7147326]}, "properties": {"id": "62a6cd0ab180e624", "name": "Eltham Deli", "address": "VIC", "suburb": "", "postcode": "", "section_id": "inner-melbourne", "category": "deli", "priority": "medium", "status": "prospect", "phone": "", "website": "", "notes": "Found via OpenStreetMap Overpass", "sales_category": "western_premium", "sales_category_label": "Western premium / independent", "sales_category_reason": "heuristic:indie_deli"}}, {"type": "Feature", "geometry": {"type": "Point", "coordinates": [144.9561144, -37.8320652]}, "properties": {"id": "ff7a68a3cc624470", "name": "Emerald Deli", "address": "VIC", "suburb": "", "postcode": "", "section_id": "inner-melbourne", "category": "deli", "priority": "medium", "status": "prospect", "phone": "+61 3 9690 5783", "website": "https://www.emeraldhilldeli.com.au", "notes": "Found via OpenStreetMap Overpass", "sales_category": "western_premium", "sales_category_label": "Western premium / independent", "sales_category_reason": "heuristic:indie_deli"}}, {"type": "Feature", "geometry": {"type": "Point", "coordinates": [144.9700853, -37.7841673]}, "properties": {"id": "4f7c2fdcd246f6a2", "name": "Enoteca Sileno", "address": "920 Lygon Street VIC", "suburb": "", "postcode": "", "section_id": "inner-melbourne", "category": "deli", "priority": "medium", "status": "prospect", "phone": "+61 3 9389 7000", "website": "https://www.enoteca.com.au/", "notes": "Found via OpenStreetMap Overpass", "sales_category": "other", "sales_category_label": "Uncategorised / other", "sales_category_reason": "other:fallback"}}, {"type": "Feature", "geometry": {"type": "Point", "coordinates": [145.2951445, -37.8834485]}, "properties": {"id": "5d59b7c89a415e25", "name": "Fair Treasures", "address": "69 Station Street Ferntree Gully VIC 3156", "suburb": "Ferntree Gully", "postcode": "3156", "section_id": "inner-melbourne", "category": "marketplace", "priority": "medium", "status": "prospect", "phone": "", "website": "", "notes": "Found via OpenStreetMap Overpass", "sales_category": "other", "sales_category_label": "Uncategorised / other", "sales_category_reason": "other:market"}}, {"type": "Feature", "geometry": {"type": "Point", "coordinates": [145.33291, -38.0544044]}, "properties": {"id": "f58b36f0b6eb5628", "name": "Farmers' Market Old Cheese Factory", "address": "34 Homestead Road VIC 3806", "suburb": "", "postcode": "3806", "section_id": "inner-melbourne", "category": "marketplace", "priority": "medium", "status": "prospect", "phone": "", "website": "", "notes": "Found via OpenStreetMap Overpass", "sales_category": "other", "sales_category_label": "Uncategorised / other", "sales_category_reason": "other:market"}}, {"type": "Feature", "geometry": {"type": "Point", "coordinates": [145.1485319, -37.7148778]}, "properties": {"id": "12d77368dca79d5d", "name": "Fine Fruits of Eltham", "address": "VIC", "suburb": "", "postcode": "", "section_id": "inner-melbourne", "category": "greengrocer", "priority": "medium", "status": "prospect", "phone": "", "website": "", "notes": "Found via OpenStreetMap Overpass", "sales_category": "other", "sales_category_label": "Uncategorised / other", "sales_category_reason": "other:greengrocer"}}, {"type": "Feature", "geometry": {"type": "Point", "coordinates": [144.9781207, -37.7956908]}, "properties": {"id": "e78a272fb1c14e25", "name": "Fitzroy Market", "address": "75 Rose Street Fitzroy VIC 3065", "suburb": "Fitzroy", "postcode": "3065", "section_id": "inner-melbourne", "category": "marketplace", "priority": "medium", "status": "prospect", "phone": "+61 414 896 198", "website": "https://www.fitzroymarket.com/", "notes": "Found via OpenStreetMap Overpass", "sales_category": "other", "sales_category_label": "Uncategorised / other", "sales_category_reason": "other:market"}}, {"type": "Feature", "geometry": {"type": "Point", "coordinates": [144.9571019, -37.8063]}, "properties": {"id": "dcab86c1e733f8b7", "name": "Fontana Brothers", "address": "VIC", "suburb": "", "postcode": "", "section_id": "inner-melbourne", "category": "greengrocer", "priority": "medium", "status": "prospect", "phone": "", "website": "", "notes": "Found via OpenStreetMap Overpass", "sales_category": "other", "sales_category_label": "Uncategorised / other", "sales_category_reason": "other:greengrocer"}}, {"type": "Feature", "geometry": {"type": "Point", "coordinates": [145.3052082, -38.0320894]}, "properties": {"id": "7ceb0f45291ab005", "name": "Food Trucks", "address": "VIC", "suburb": "", "postcode": "", "section_id": "inner-melbourne", "category": "marketplace", "priority": "medium", "status": "prospect", "phone": "", "website": "", "notes": "Found via OpenStreetMap Overpass", "sales_category": "other", "sales_category_label": "Uncategorised / other", "sales_category_reason": "other:produce"}}, {"type": "Feature", "geometry": {"type": "Point", "coordinates": [144.941177, -37.7897029]}, "properties": {"id": "1b5d3ec2a69bb0b3", "name": "Fowlers Vacola", "address": "19-25 Racecourse Road North Melbourne VIC 3051", "suburb": "North Melbourne", "postcode": "3051", "section_id": "inner-melbourne", "category": "wholesale", "priority": "medium", "status": "prospect", "phone": "", "website": "", "notes": "Found via OpenStreetMap Overpass", "sales_category": "other", "sales_category_label": "Uncategorised / other", "sales_category_reason": "other:noise"}}, {"type": "Feature", "geometry": {"type": "Point", "coordinates": [144.9569204, -37.8326262]}, "properties": {"id": "06bafb4408d07293", "name": "Fruits On Coventry", "address": "VIC", "suburb": "", "postcode": "", "section_id": "inner-melbourne", "category": "greengrocer", "priority": "medium", "status": "prospect", "phone": "+61 3 9696 0345", "website": "", "notes": "Found via OpenStreetMap Overpass", "sales_category": "other", "sales_category_label": "Uncategorised / other", "sales_category_reason": "other:greengrocer"}}, {"type": "Feature", "geometry": {"type": "Point", "coordinates": [144.946378, -37.8427283]}, "properties": {"id": "c81154e043b934e4", "name": "Gasworks Farmers' Market", "address": "VIC", "suburb": "", "postcode": "", "section_id": "inner-melbourne", "category": "marketplace", "priority": "medium", "status": "prospect", "phone": "", "website": "https://gasworks.org.au/whats-on/gasworks-famers-market/", "notes": "Found via OpenStreetMap Overpass", "sales_category": "other", "sales_category_label": "Uncategorised / other", "sales_category_reason": "other:produce"}}, {"type": "Feature", "geometry": {"type": "Point", "coordinates": [144.9571457, -37.8325627]}, "properties": {"id": "52cc0a466363c841", "name": "Georgie’s Harvest", "address": "VIC", "suburb": "", "postcode": "", "section_id": "inner-melbourne", "category": "greengrocer", "priority": "medium", "status": "prospect", "phone": "+61 409 397 051", "website": "", "notes": "Found via OpenStreetMap Overpass", "sales_category": "other", "sales_category_label": "Uncategorised / other", "sales_category_reason": "other:greengrocer"}}, {"type": "Feature", "geometry": {"type": "Point", "coordinates": [144.9591136, -37.8070893]}, "properties": {"id": "c806a3f62fcb8375", "name": "Gewurshaus", "address": "VIC", "suburb": "", "postcode": "", "section_id": "inner-melbourne", "category": "organic spices", "priority": "medium", "status": "prospect", "phone": "", "website": "", "notes": "Found via OpenStreetMap Overpass", "sales_category": "indian", "sales_category_label": "Indian grocery & spices", "sales_category_reason": "heuristic:spice_category"}}, {"type": "Feature", "geometry": {"type": "Point", "coordinates": [144.9631, -37.8136]}, "properties": {"id": "9945d9ba8f795cf5", "name": "Gewürzhaus", "address": "Multiple Melbourne locations (check current stores)", "suburb": "Melbourne", "postcode": "3000", "section_id": "inner-melbourne", "category": "spice shop", "priority": "medium", "status": "prospect", "phone": "", "website": "https://www.gewurzhaus.com.au", "notes": "Dedicated premium spice retailer — competitor awareness + wholesale angles", "sales_category": "western_premium", "sales_category_label": "Western premium / independent", "sales_category_reason": "override:gewürzhaus"}}, {"type": "Feature", "geometry": {"type": "Point", "coordinates": [144.9559978, -37.8326199]}, "properties": {"id": "9e6e896e7460f4c0", "name": "Gewürzhaus", "address": "VIC", "suburb": "", "postcode": "", "section_id": "inner-melbourne", "category": "spices", "priority": "medium", "status": "prospect", "phone": "+61 3 9682 4486", "website": "https://gewurzhaus.com.au/", "notes": "Found via OpenStreetMap Overpass", "sales_category": "western_premium", "sales_category_label": "Western premium / independent", "sales_category_reason": "override:gewürzhaus"}}, {"type": "Feature", "geometry": {"type": "Point", "coordinates": [144.9646101, -37.8157916]}, "properties": {"id": "0a31d3f9707ea397", "name": "Gewürzhaus", "address": "VIC", "suburb": "", "postcode": "", "section_id": "inner-melbourne", "category": "spices", "priority": "medium", "status": "prospect", "phone": "", "website": "https://gewurzhaus.com.au/", "notes": "Found via OpenStreetMap Overpass", "sales_category": "western_premium", "sales_category_label": "Western premium / independent", "sales_category_reason": "override:gewürzhaus"}}, {"type": "Feature", "geometry": {"type": "Point", "coordinates": [144.9675008, -37.7990329]}, "properties": {"id": "6379cf9d2cf9c00d", "name": "Gewürzhaus", "address": "342 Lygon Street Carlton VIC 3053", "suburb": "Carlton", "postcode": "3053", "section_id": "inner-melbourne", "category": "spices", "priority": "medium", "status": "prospect", "phone": "", "website": "https://gewurzhaus.com.au/", "notes": "Found via OpenStreetMap Overpass", "sales_category": "western_premium", "sales_category_label": "Western premium / independent", "sales_category_reason": "override:gewürzhaus"}}, {"type": "Feature", "geometry": {"type": "Point", "coordinates": [144.9628, -37.8105]}, "properties": {"id": "3456594e4cc4653f", "name": "Gewürzhaus Melbourne Central", "address": "Melbourne Central, Melbourne VIC 3000", "suburb": "Melbourne", "postcode": "3000", "section_id": "inner-melbourne", "category": "spice shop", "priority": "medium", "status": "prospect", "phone": "", "website": "https://www.gewurzhaus.com.au", "notes": "Premium spice retailer — map all branches when visiting CBD", "sales_category": "western_premium", "sales_category_label": "Western premium / independent", "sales_category_reason": "override:gewürzhaus"}}, {"type": "Feature", "geometry": {"type": "Point", "coordinates": [145.3089461, -38.0240552]}, "properties": {"id": "f1e82832624e8550", "name": "Good Food Emporium", "address": "VIC", "suburb": "", "postcode": "", "section_id": "inner-melbourne", "category": "health food", "priority": "medium", "status": "prospect", "phone": "", "website": "", "notes": "Found via OpenStreetMap Overpass", "sales_category": "western_premium", "sales_category_label": "Western premium / independent", "sales_category_reason": "heuristic:western"}}, {"type": "Feature", "geometry": {"type": "Point", "coordinates": [145.0371966, -38.2176956]}, "properties": {"id": "f8c181abebf15b62", "name": "Gradi Mercato", "address": "25B Main Street VIC", "suburb": "", "postcode": "", "section_id": "inner-melbourne", "category": "deli", "priority": "medium", "status": "prospect", "phone": "", "website": "", "notes": "Found via OpenStreetMap Overpass", "sales_category": "western_premium", "sales_category_label": "Western premium / independent", "sales_category_reason": "heuristic:western"}}, {"type": "Feature", "geometry": {"type": "Point", "coordinates": [144.9641196, -37.8158582]}, "properties": {"id": "79ee018b6213cb29", "name": "Great Earth", "address": "VIC", "suburb": "", "postcode": "", "section_id": "inner-melbourne", "category": "health food", "priority": "medium", "status": "prospect", "phone": "", "website": "", "notes": "Found via OpenStreetMap Overpass", "sales_category": "western_premium", "sales_category_label": "Western premium / independent", "sales_category_reason": "heuristic:western"}}, {"type": "Feature", "geometry": {"type": "Point", "coordinates": [144.9335851, -37.6105807]}, "properties": {"id": "43902cc07a4c6ae8", "name": "Green Field Food Store", "address": "124 Hothlyn Drive Craigieburn VIC 3064", "suburb": "Craigieburn", "postcode": "3064", "section_id": "inner-melbourne", "category": "deli", "priority": "medium", "status": "prospect", "phone": "", "website": "", "notes": "Found via OpenStreetMap Overpass", "sales_category": "other", "sales_category_label": "Uncategorised / other", "sales_category_reason": "other:fallback"}}, {"type": "Feature", "geometry": {"type": "Point", "coordinates": [144.8821906, -37.6392292]}, "properties": {"id": "8f6735b8c0497217", "name": "Greenvale Fresh", "address": "VIC", "suburb": "", "postcode": "", "section_id": "inner-melbourne", "category": "greengrocer", "priority": "medium", "status": "prospect", "phone": "", "website": "", "notes": "Found via OpenStreetMap Overpass", "sales_category": "other", "sales_category_label": "Uncategorised / other", "sales_category_reason": "other:greengrocer"}}, {"type": "Feature", "geometry": {"type": "Point", "coordinates": [145.3100101, -37.8932084]}, "properties": {"id": "681af8964aa3921e", "name": "Gully Market", "address": "VIC", "suburb": "", "postcode": "", "section_id": "inner-melbourne", "category": "marketplace", "priority": "medium", "status": "prospect", "phone": "", "website": "", "notes": "Found via OpenStreetMap Overpass", "sales_category": "other", "sales_category_label": "Uncategorised / other", "sales_category_reason": "other:produce"}}, {"type": "Feature", "geometry": {"type": "Point", "coordinates": [145.1499021, -37.712956]}, "properties": {"id": "a6e064c84962d7ad", "name": "Harvest Eltham", "address": "VIC", "suburb": "", "postcode": "", "section_id": "inner-melbourne", "category": "greengrocer", "priority": "medium", "status": "prospect", "phone": "", "website": "", "notes": "Found via OpenStreetMap Overpass", "sales_category": "other", "sales_category_label": "Uncategorised / other", "sales_category_reason": "other:greengrocer"}}, {"type": "Feature", "geometry": {"type": "Point", "coordinates": [145.0833866, -37.7568304]}, "properties": {"id": "613a267b4f2a3dfa", "name": "Heide Market", "address": "VIC", "suburb": "", "postcode": "", "section_id": "inner-melbourne", "category": "marketplace", "priority": "medium", "status": "prospect", "phone": "+61 414 803 228", "website": "https://www.heidemarket.com/", "notes": "Found via OpenStreetMap Overpass", "sales_category": "other", "sales_category_label": "Uncategorised / other", "sales_category_reason": "other:produce"}}, {"type": "Feature", "geometry": {"type": "Point", "coordinates": [144.9591309, -37.8069963]}, "properties": {"id": "b34f6256f2849f60", "name": "Hellenic Deli", "address": "VIC", "suburb": "", "postcode": "", "section_id": "inner-melbourne", "category": "deli", "priority": "medium", "status": "prospect", "phone": "", "website": "", "notes": "Found via OpenStreetMap Overpass", "sales_category": "western_premium", "sales_category_label": "Western premium / independent", "sales_category_reason": "heuristic:indie_deli"}}, {"type": "Feature", "geometry": {"type": "Point", "coordinates": [144.9574889, -37.8064132]}, "properties": {"id": "757c788e23f4f13a", "name": "Il Fruttivendolo", "address": "VIC", "suburb": "", "postcode": "", "section_id": "inner-melbourne", "category": "organic greengrocer", "priority": "medium", "status": "prospect", "phone": "", "website": "", "notes": "Found via OpenStreetMap Overpass", "sales_category": "western_premium", "sales_category_label": "Western premium / independent", "sales_category_reason": "heuristic:western"}}, {"type": "Feature", "geometry": {"type": "Point", "coordinates": [144.9612422, -37.8157025]}, "properties": {"id": "adefb626698990ca", "name": "Il Gran Panino", "address": "118 Queen Street VIC", "suburb": "", "postcode": "", "section_id": "inner-melbourne", "category": "deli", "priority": "medium", "status": "prospect", "phone": "+61 3 8601 2727", "website": "", "notes": "Found via OpenStreetMap Overpass", "sales_category": "other", "sales_category_label": "Uncategorised / other", "sales_category_reason": "other:fallback"}}, {"type": "Feature", "geometry": {"type": "Point", "coordinates": [144.9567877, -37.8326622]}, "properties": {"id": "472ed582bd30382e", "name": "La Central", "address": "VIC", "suburb": "", "postcode": "", "section_id": "inner-melbourne", "category": "deli", "priority": "medium", "status": "prospect", "phone": "+61 3 9686 5952", "website": "https://www.lacentral.com.au/", "notes": "Found via OpenStreetMap Overpass", "sales_category": "other", "sales_category_label": "Uncategorised / other", "sales_category_reason": "other:fallback"}}, {"type": "Feature", "geometry": {"type": "Point", "coordinates": [144.9589532, -37.8067302]}, "properties": {"id": "177a2b2cd7c9c4c2", "name": "La'Deli At QVM", "address": "VIC", "suburb": "", "postcode": "", "section_id": "inner-melbourne", "category": "deli", "priority": "medium", "status": "prospect", "phone": "", "website": "", "notes": "Found via OpenStreetMap Overpass", "sales_category": "western_premium", "sales_category_label": "Western premium / independent", "sales_category_reason": "heuristic:indie_deli"}}, {"type": "Feature", "geometry": {"type": "Point", "coordinates": [144.8007981, -37.7027095]}, "properties": {"id": "ccbb935bd65dc435", "name": "Lakes Fresh Food Market", "address": "58 - 70 Shoppers Lane Taylors Lakes VIC 3038", "suburb": "Taylors Lakes", "postcode": "3038", "section_id": "inner-melbourne", "category": "marketplace", "priority": "medium", "status": "prospect", "phone": "+61 3 9449 4500", "website": "", "notes": "Found via OpenStreetMap Overpass", "sales_category": "other", "sales_category_label": "Uncategorised / other", "sales_category_reason": "other:market"}}, {"type": "Feature", "geometry": {"type": "Point", "coordinates": [145.0169382, -37.6732507]}, "properties": {"id": "f276d8512804fbd5", "name": "Lalor No. 1 Fruit Market", "address": "VIC", "suburb": "", "postcode": "", "section_id": "inner-melbourne", "category": "greengrocer", "priority": "medium", "status": "prospect", "phone": "", "website": "", "notes": "Found via OpenStreetMap Overpass", "sales_category": "other", "sales_category_label": "Uncategorised / other", "sales_category_reason": "other:produce"}}, {"type": "Feature", "geometry": {"type": "Point", "coordinates": [145.1930032, -37.6392021]}, "properties": {"id": "d507975c50d6520c", "name": "Lettuce Inn Fruit & Veg", "address": "VIC", "suburb": "", "postcode": "", "section_id": "inner-melbourne", "category": "greengrocer", "priority": "medium", "status": "prospect", "phone": "", "website": "", "notes": "Found via OpenStreetMap Overpass", "sales_category": "other", "sales_category_label": "Uncategorised / other", "sales_category_reason": "other:produce"}}, {"type": "Feature", "geometry": {"type": "Point", "coordinates": [145.2831517, -38.1126971]}, "properties": {"id": "7a31d651c44ac115", "name": "Lonor Variety Shop", "address": "VIC", "suburb": "", "postcode": "", "section_id": "inner-melbourne", "category": "deli", "priority": "medium", "status": "prospect", "phone": "", "website": "", "notes": "Found via OpenStreetMap Overpass", "sales_category": "other", "sales_category_label": "Uncategorised / other", "sales_category_reason": "other:fallback"}}, {"type": "Feature", "geometry": {"type": "Point", "coordinates": [145.0206196, -37.6510329]}, "properties": {"id": "d6d598112bda9121", "name": "MKS Spices & Things", "address": "VIC", "suburb": "", "postcode": "", "section_id": "inner-melbourne", "category": "spices", "priority": "medium", "status": "prospect", "phone": "", "website": "", "notes": "Found via OpenStreetMap Overpass", "sales_category": "indian", "sales_category_label": "Indian grocery & spices", "sales_category_reason": "override:mks spices"}}, {"type": "Feature", "geometry": {"type": "Point", "coordinates": [144.7421001, -37.7113168]}, "properties": {"id": "bcc5b60316ca4e48", "name": "Majestic Spices", "address": "VIC 3037", "suburb": "", "postcode": "3037", "section_id": "inner-melbourne", "category": "spices", "priority": "medium", "status": "prospect", "phone": "+61 402 430 059", "website": "", "notes": "Found via OpenStreetMap Overpass", "sales_category": "indian", "sales_category_label": "Indian grocery & spices", "sales_category_reason": "override:majestic spices"}}, {"type": "Feature", "geometry": {"type": "Point", "coordinates": [144.977803, -37.7807596]}, "properties": {"id": "83911a03ec99cee2", "name": "Maria's Coffee House and Deli", "address": "793-795 Nicholson Street VIC", "suburb": "", "postcode": "", "section_id": "inner-melbourne", "category": "deli", "priority": "medium", "status": "prospect", "phone": "+61 3 9380 5488", "website": "", "notes": "Found via OpenStreetMap Overpass", "sales_category": "western_premium", "sales_category_label": "Western premium / independent", "sales_category_reason": "heuristic:indie_deli"}}, {"type": "Feature", "geometry": {"type": "Point", "coordinates": [144.9778108, -37.7829332]}, "properties": {"id": "242512cc1cb0d6a4", "name": "Maria's Pasta", "address": "706 Nicholson Street VIC", "suburb": "", "postcode": "", "section_id": "inner-melbourne", "category": "deli", "priority": "medium", "status": "prospect", "phone": "+61 3 9380 5800", "website": "https://marias.com.au/", "notes": "Found via OpenStreetMap Overpass", "sales_category": "other", "sales_category_label": "Uncategorised / other", "sales_category_reason": "other:fallback"}}, {"type": "Feature", "geometry": {"type": "Point", "coordinates": [145.3064353, -38.0188894]}, "properties": {"id": "ccd1c6d57d2dec11", "name": "MarketPlace Fresh", "address": "VIC", "suburb": "", "postcode": "", "section_id": "inner-melbourne", "category": "greengrocer", "priority": "medium", "status": "prospect", "phone": "", "website": "", "notes": "Found via OpenStreetMap Overpass", "sales_category": "other", "sales_category_label": "Uncategorised / other", "sales_category_reason": "other:produce"}}, {"type": "Feature", "geometry": {"type": "Point", "coordinates": [145.099963, -37.6020336]}, "properties": {"id": "c5599add9d22f71b", "name": "MarketPlace Fresh", "address": "180 Riverdale Boulevard VIC", "suburb": "", "postcode": "", "section_id": "inner-melbourne", "category": "greengrocer", "priority": "medium", "status": "prospect", "phone": "", "website": "https://marketplacefresh.com.au/store/marketplace-fresh-mernda/", "notes": "Found via OpenStreetMap Overpass", "sales_category": "other", "sales_category_label": "Uncategorised / other", "sales_category_reason": "other:produce"}}, {"type": "Feature", "geometry": {"type": "Point", "coordinates": [145.3439864, -37.811025]}, "properties": {"id": "228b55b2e6d41f38", "name": "Montrose Fruit Basket", "address": "VIC", "suburb": "", "postcode": "", "section_id": "inner-melbourne", "category": "greengrocer", "priority": "medium", "status": "prospect", "phone": "", "website": "", "notes": "Found via OpenStreetMap Overpass", "sales_category": "other", "sales_category_label": "Uncategorised / other", "sales_category_reason": "other:produce"}}, {"type": "Feature", "geometry": {"type": "Point", "coordinates": [144.9560978, -37.8071267]}, "properties": {"id": "b22de4dc7a580314", "name": "Moving Feast Pantry (Purpose Precinct)", "address": "VIC", "suburb": "", "postcode": "", "section_id": "inner-melbourne", "category": "deli", "priority": "medium", "status": "prospect", "phone": "", "website": "https://purposeprecinct.org/", "notes": "Found via OpenStreetMap Overpass", "sales_category": "western_premium", "sales_category_label": "Western premium / independent", "sales_category_reason": "heuristic:western"}}, {"type": "Feature", "geometry": {"type": "Point", "coordinates": [144.9378628, -37.6413048]}, "properties": {"id": "a211c51283fb7bd3", "name": "NH Auto Parts", "address": "VIC", "suburb": "", "postcode": "", "section_id": "inner-melbourne", "category": "wholesale", "priority": "medium", "status": "prospect", "phone": "", "website": "", "notes": "Found via OpenStreetMap Overpass", "sales_category": "other", "sales_category_label": "Uncategorised / other", "sales_category_reason": "other:noise"}}, {"type": "Feature", "geometry": {"type": "Point", "coordinates": [145.3045129, -38.0262712]}, "properties": {"id": "b382fc92c9f6fd83", "name": "Narre Warren Mixed Deli", "address": "30 Webb Street VIC", "suburb": "", "postcode": "", "section_id": "inner-melbourne", "category": "deli", "priority": "medium", "status": "prospect", "phone": "", "website": "", "notes": "Found via OpenStreetMap Overpass", "sales_category": "western_premium", "sales_category_label": "Western premium / independent", "sales_category_reason": "heuristic:indie_deli"}}, {"type": "Feature", "geometry": {"type": "Point", "coordinates": [145.195357, -37.6375029]}, "properties": {"id": "d56b2a9822e57593", "name": "Nature's Harvest", "address": "VIC", "suburb": "", "postcode": "", "section_id": "inner-melbourne", "category": "health food", "priority": "medium", "status": "prospect", "phone": "", "website": "", "notes": "Found via OpenStreetMap Overpass", "sales_category": "western_premium", "sales_category_label": "Western premium / independent", "sales_category_reason": "heuristic:western"}}, {"type": "Feature", "geometry": {"type": "Point", "coordinates": [145.2826304, -38.1125422]}, "properties": {"id": "cd91693fa7f6bf7a", "name": "Nema Supermarket", "address": "VIC", "suburb": "", "postcode": "", "section_id": "inner-melbourne", "category": "deli", "priority": "medium", "status": "prospect", "phone": "", "website": "", "notes": "Found via OpenStreetMap Overpass", "sales_category": "other", "sales_category_label": "Uncategorised / other", "sales_category_reason": "other:fallback"}}, {"type": "Feature", "geometry": {"type": "Point", "coordinates": [144.959265, -37.8071024]}, "properties": {"id": "ce7b5a351b0119a2", "name": "Nut Trek", "address": "VIC", "suburb": "", "postcode": "", "section_id": "inner-melbourne", "category": "deli", "priority": "medium", "status": "prospect", "phone": "", "website": "", "notes": "Found via OpenStreetMap Overpass", "sales_category": "other", "sales_category_label": "Uncategorised / other", "sales_category_reason": "other:fallback"}}, {"type": "Feature", "geometry": {"type": "Point", "coordinates": [144.956329, -37.8327936]}, "properties": {"id": "ffbd0b05dc767466", "name": "Nutshoppe", "address": "VIC", "suburb": "", "postcode": "", "section_id": "inner-melbourne", "category": "spices", "priority": "medium", "status": "prospect", "phone": "+61 412 555 000", "website": "", "notes": "Found via OpenStreetMap Overpass", "sales_category": "indian", "sales_category_label": "Indian grocery & spices", "sales_category_reason": "override:nutshoppe"}}, {"type": "Feature", "geometry": {"type": "Point", "coordinates": [144.9577648, -37.8063828]}, "properties": {"id": "3bc2dc40f272d9c4", "name": "Orchard Wholefoods And Mueslis", "address": "VIC", "suburb": "", "postcode": "", "section_id": "inner-melbourne", "category": "organic health_food", "priority": "medium", "status": "prospect", "phone": "", "website": "", "notes": "Found via OpenStreetMap Overpass", "sales_category": "western_premium", "sales_category_label": "Western premium / independent", "sales_category_reason": "heuristic:western"}}, {"type": "Feature", "geometry": {"type": "Point", "coordinates": [145.1480644, -37.7142967]}, "properties": {"id": "3b740abd81dcf275", "name": "Organic Fix", "address": "VIC", "suburb": "", "postcode": "", "section_id": "inner-melbourne", "category": "health food", "priority": "medium", "status": "prospect", "phone": "", "website": "", "notes": "Found via OpenStreetMap Overpass", "sales_category": "western_premium", "sales_category_label": "Western premium / independent", "sales_category_reason": "heuristic:western"}}, {"type": "Feature", "geometry": {"type": "Point", "coordinates": [144.957315, -37.8064022]}, "properties": {"id": "12ebeb7e57110498", "name": "PK Fruit", "address": "VIC", "suburb": "", "postcode": "", "section_id": "inner-melbourne", "category": "greengrocer", "priority": "medium", "status": "prospect", "phone": "", "website": "", "notes": "Found via OpenStreetMap Overpass", "sales_category": "other", "sales_category_label": "Uncategorised / other", "sales_category_reason": "other:produce"}}, {"type": "Feature", "geometry": {"type": "Point", "coordinates": [145.088941, -38.1847723]}, "properties": {"id": "10b8d6fed3211934", "name": "Palamara Mt Eliza Village Fruits", "address": "106-108 Mount Eliza Way Mount Eliza VIC", "suburb": "Mount Eliza", "postcode": "", "section_id": "inner-melbourne", "category": "greengrocer", "priority": "medium", "status": "prospect", "phone": "+61 3 9787 2771", "website": "https://www.mtelizavillagefruits.com/", "notes": "Found via OpenStreetMap Overpass", "sales_category": "other", "sales_category_label": "Uncategorised / other", "sales_category_reason": "other:greengrocer"}}, {"type": "Feature", "geometry": {"type": "Point", "coordinates": [144.9590448, -37.8068373]}, "properties": {"id": "4fce51c77137e261", "name": "Pavilion", "address": "VIC", "suburb": "", "postcode": "", "section_id": "inner-melbourne", "category": "deli", "priority": "medium", "status": "prospect", "phone": "", "website": "", "notes": "Found via OpenStreetMap Overpass", "sales_category": "other", "sales_category_label": "Uncategorised / other", "sales_category_reason": "other:fallback"}}, {"type": "Feature", "geometry": {"type": "Point", "coordinates": [145.016849, -37.673218]}, "properties": {"id": "d2c83270b5d92986", "name": "Peter's Lalor Mall", "address": "VIC", "suburb": "", "postcode": "", "section_id": "inner-melbourne", "category": "deli", "priority": "medium", "status": "prospect", "phone": "", "website": "", "notes": "Found via OpenStreetMap Overpass", "sales_category": "other", "sales_category_label": "Uncategorised / other", "sales_category_reason": "other:fallback"}}, {"type": "Feature", "geometry": {"type": "Point", "coordinates": [144.9559173, -37.832641]}, "properties": {"id": "9f18facd761e60ba", "name": "Pickadeli", "address": "VIC", "suburb": "", "postcode": "", "section_id": "inner-melbourne", "category": "deli", "priority": "medium", "status": "prospect", "phone": "+61 3 9696 3160", "website": "https://pickadeli.com.au/", "notes": "Found via OpenStreetMap Overpass", "sales_category": "western_premium", "sales_category_label": "Western premium / independent", "sales_category_reason": "heuristic:indie_deli"}}, {"type": "Feature", "geometry": {"type": "Point", "coordinates": [144.9591333, -37.8071255]}, "properties": {"id": "4fb0e1ff74f85074", "name": "Polish Deli", "address": "VIC", "suburb": "", "postcode": "", "section_id": "inner-melbourne", "category": "deli", "priority": "medium", "status": "prospect", "phone": "", "website": "", "notes": "Found via OpenStreetMap Overpass", "sales_category": "western_premium", "sales_category_label": "Western premium / independent", "sales_category_reason": "heuristic:western"}}, {"type": "Feature", "geometry": {"type": "Point", "coordinates": [144.9159619, -37.7043689]}, "properties": {"id": "f3c0ebc7bd612cd9", "name": "Polka Deli", "address": "22 Post Office Place VIC", "suburb": "", "postcode": "", "section_id": "inner-melbourne", "category": "deli", "priority": "medium", "status": "prospect", "phone": "", "website": "", "notes": "Found via OpenStreetMap Overpass", "sales_category": "western_premium", "sales_category_label": "Western premium / independent", "sales_category_reason": "heuristic:indie_deli"}}, {"type": "Feature", "geometry": {"type": "Point", "coordinates": [145.1490566, -37.7150974]}, "properties": {"id": "b9391ca77e8302db", "name": "Pro Health", "address": "VIC", "suburb": "", "postcode": "", "section_id": "inner-melbourne", "category": "health food", "priority": "medium", "status": "prospect", "phone": "", "website": "", "notes": "Found via OpenStreetMap Overpass", "sales_category": "western_premium", "sales_category_label": "Western premium / independent", "sales_category_reason": "heuristic:western"}}, {"type": "Feature", "geometry": {"type": "Point", "coordinates": [145.0138029, -37.6794653]}, "properties": {"id": "dbaefb46449bab40", "name": "Punjab King", "address": "VIC", "suburb": "", "postcode": "", "section_id": "inner-melbourne", "category": "greengrocer", "priority": "medium", "status": "prospect", "phone": "", "website": "", "notes": "Found via OpenStreetMap Overpass", "sales_category": "other", "sales_category_label": "Uncategorised / other", "sales_category_reason": "other:greengrocer"}}, {"type": "Feature", "geometry": {"type": "Point", "coordinates": [144.9568, -37.8075]}, "properties": {"id": "40e541226f50548a", "name": "Queen Victoria Market", "address": "Queen Street, Melbourne VIC 3000", "suburb": "Melbourne", "postcode": "3000", "section_id": "inner-melbourne", "category": "fresh food market", "priority": "medium", "status": "prospect", "phone": "", "website": "https://www.qvm.com.au", "notes": "Spice & specialty stalls", "sales_category": "other", "sales_category_label": "Uncategorised / other", "sales_category_reason": "override:queen victoria market"}}, {"type": "Feature", "geometry": {"type": "Point", "coordinates": [144.9569486, -37.8070192]}, "properties": {"id": "7b3c95031dd74c41", "name": "Queen Victoria Market", "address": "VIC", "suburb": "", "postcode": "", "section_id": "inner-melbourne", "category": "marketplace", "priority": "medium", "status": "prospect", "phone": "", "website": "", "notes": "Found via OpenStreetMap Overpass", "sales_category": "other", "sales_category_label": "Uncategorised / other", "sales_category_reason": "override:queen victoria market"}}, {"type": "Feature", "geometry": {"type": "Point", "coordinates": [144.9589531, -37.8068586]}, "properties": {"id": "d6e788ff05cb052d", "name": "Queen Victoria Market", "address": "VIC", "suburb": "", "postcode": "", "section_id": "inner-melbourne", "category": "marketplace", "priority": "medium", "status": "prospect", "phone": "", "website": "", "notes": "Found via OpenStreetMap Overpass", "sales_category": "other", "sales_category_label": "Uncategorised / other", "sales_category_reason": "override:queen victoria market"}}, {"type": "Feature", "geometry": {"type": "Point", "coordinates": [144.9577117, -37.8074898]}, "properties": {"id": "0b233058d719d0cc", "name": "Queen Victoria Market", "address": "Queen Street Melbourne VIC 3000", "suburb": "Melbourne", "postcode": "3000", "section_id": "inner-melbourne", "category": "marketplace", "priority": "medium", "status": "prospect", "phone": "+61 3 9320 5822", "website": "https://qvm.com.au/", "notes": "Found via OpenStreetMap Overpass", "sales_category": "other", "sales_category_label": "Uncategorised / other", "sales_category_reason": "override:queen victoria market"}}, {"type": "Feature", "geometry": {"type": "Point", "coordinates": [144.9723293, -37.7885351]}, "properties": {"id": "b63df907796802d9", "name": "Rathdowne Village Delicatessen", "address": "378 Rathdowne Street VIC", "suburb": "", "postcode": "", "section_id": "inner-melbourne", "category": "deli", "priority": "medium", "status": "prospect", "phone": "", "website": "https://www.rvdeli.com.au/", "notes": "Found via OpenStreetMap Overpass", "sales_category": "western_premium", "sales_category_label": "Western premium / independent", "sales_category_reason": "heuristic:western"}}, {"type": "Feature", "geometry": {"type": "Point", "coordinates": [144.9591701, -37.8068959]}, "properties": {"id": "bd84f2e3e7c8cac6", "name": "Ripe", "address": "VIC", "suburb": "", "postcode": "", "section_id": "inner-melbourne", "category": "deli", "priority": "medium", "status": "prospect", "phone": "", "website": "", "notes": "Found via OpenStreetMap Overpass", "sales_category": "other", "sales_category_label": "Uncategorised / other", "sales_category_reason": "other:fallback"}}, {"type": "Feature", "geometry": {"type": "Point", "coordinates": [144.9560002, -37.8320738]}, "properties": {"id": "0cb4746edba67e22", "name": "Rita's Coffee & Nuts", "address": "VIC", "suburb": "", "postcode": "", "section_id": "inner-melbourne", "category": "deli", "priority": "medium", "status": "prospect", "phone": "+61 3 9690 4414", "website": "", "notes": "Found via OpenStreetMap Overpass", "sales_category": "other", "sales_category_label": "Uncategorised / other", "sales_category_reason": "other:fallback"}}, {"type": "Feature", "geometry": {"type": "Point", "coordinates": [144.9565423, -37.8327321]}, "properties": {"id": "6da778d740f569c4", "name": "Rod’s Fruit & Vegetables", "address": "VIC", "suburb": "", "postcode": "", "section_id": "inner-melbourne", "category": "greengrocer", "priority": "medium", "status": "prospect", "phone": "+61 402 623 707", "website": "", "notes": "Found via OpenStreetMap Overpass", "sales_category": "other", "sales_category_label": "Uncategorised / other", "sales_category_reason": "other:produce"}}, {"type": "Feature", "geometry": {"type": "Point", "coordinates": [144.9772234, -37.7959296]}, "properties": {"id": "da53abf9a54cafd0", "name": "Rose Street Artist Market", "address": "60 Rose Street Fitzroy VIC 3065", "suburb": "Fitzroy", "postcode": "3065", "section_id": "inner-melbourne", "category": "marketplace", "priority": "medium", "status": "prospect", "phone": "+61 3 9419 5529", "website": "https://www.rosestmarket.com.au/", "notes": "Found via OpenStreetMap Overpass", "sales_category": "other", "sales_category_label": "Uncategorised / other", "sales_category_reason": "other:market"}}, {"type": "Feature", "geometry": {"type": "Point", "coordinates": [144.9769882, -37.7958625]}, "properties": {"id": "71067750850f74d4", "name": "Rose Street Pantry", "address": "48 Rose Street Fitzroy VIC 3065", "suburb": "Fitzroy", "postcode": "3065", "section_id": "inner-melbourne", "category": "deli", "priority": "medium", "status": "prospect", "phone": "+61 3 9416 2888", "website": "https://rosestpantry.com.au", "notes": "Found via OpenStreetMap Overpass", "sales_category": "western_premium", "sales_category_label": "Western premium / independent", "sales_category_reason": "heuristic:western"}}, {"type": "Feature", "geometry": {"type": "Point", "coordinates": [144.9326166, -37.6397204]}, "properties": {"id": "eefbcc94eddc70a0", "name": "Sacca's Fine Foods", "address": "VIC", "suburb": "", "postcode": "", "section_id": "inner-melbourne", "category": "greengrocer", "priority": "medium", "status": "prospect", "phone": "", "website": "", "notes": "Found via OpenStreetMap Overpass", "sales_category": "other", "sales_category_label": "Uncategorised / other", "sales_category_reason": "other:greengrocer"}}, {"type": "Feature", "geometry": {"type": "Point", "coordinates": [145.1031326, -37.70298]}, "properties": {"id": "ae5e788b2e99b139", "name": "Sculli Bros", "address": "VIC", "suburb": "", "postcode": "", "section_id": "inner-melbourne", "category": "greengrocer", "priority": "medium", "status": "prospect", "phone": "", "website": "", "notes": "Found via OpenStreetMap Overpass", "sales_category": "other", "sales_category_label": "Uncategorised / other", "sales_category_reason": "other:greengrocer"}}, {"type": "Feature", "geometry": {"type": "Point", "coordinates": [145.2853882, -37.8633725]}, "properties": {"id": "0b95a5711b279d31", "name": "Serendib Food & Spices", "address": "221 Dorset Road Boronia VIC 3155", "suburb": "Boronia", "postcode": "3155", "section_id": "inner-melbourne", "category": "spices", "priority": "medium", "status": "prospect", "phone": "", "website": "", "notes": "Found via OpenStreetMap Overpass", "sales_category": "indian", "sales_category_label": "Indian grocery & spices", "sales_category_reason": "override:serendib"}}, {"type": "Feature", "geometry": {"type": "Point", "coordinates": [144.9724628, -37.7880262]}, "properties": {"id": "73c2d9d674b02f32", "name": "Skinner & Hackett", "address": "400 Rathdowne Street VIC 3054", "suburb": "", "postcode": "3054", "section_id": "inner-melbourne", "category": "deli", "priority": "medium", "status": "prospect", "phone": "", "website": "https://www.skinnerandhackett.com.au/", "notes": "Found via OpenStreetMap Overpass", "sales_category": "other", "sales_category_label": "Uncategorised / other", "sales_category_reason": "other:fallback"}}, {"type": "Feature", "geometry": {"type": "Point", "coordinates": [144.9561694, -37.8320193]}, "properties": {"id": "ee8bed43eb30a37f", "name": "Small Town Pie Co.", "address": "VIC", "suburb": "", "postcode": "", "section_id": "inner-melbourne", "category": "deli", "priority": "medium", "status": "prospect", "phone": "", "website": "https://www.smalltownpieco.com.au", "notes": "Found via OpenStreetMap Overpass", "sales_category": "other", "sales_category_label": "Uncategorised / other", "sales_category_reason": "other:fallback"}}, {"type": "Feature", "geometry": {"type": "Point", "coordinates": [144.9565361, -37.8323031]}, "properties": {"id": "c45b3780ac44b8a8", "name": "South Melbourne Market", "address": "322-326 Coventry Street South Melbourne VIC 3205", "suburb": "South Melbourne", "postcode": "3205", "section_id": "inner-melbourne", "category": "marketplace", "priority": "medium", "status": "prospect", "phone": "+61 3 9209 6295", "website": "https://www.southmelbournemarket.com.au/", "notes": "Found via OpenStreetMap Overpass", "sales_category": "western_premium", "sales_category_label": "Western premium / independent", "sales_category_reason": "override:south melbourne market"}}, {"type": "Feature", "geometry": {"type": "Point", "coordinates": [144.9572396, -37.8325351]}, "properties": {"id": "5dddb0bf066d7f0e", "name": "South Melbourne Market Organics", "address": "VIC", "suburb": "", "postcode": "", "section_id": "inner-melbourne", "category": "organic greengrocer", "priority": "medium", "status": "prospect", "phone": "+61 3 9681 3283", "website": "", "notes": "Found via OpenStreetMap Overpass", "sales_category": "western_premium", "sales_category_label": "Western premium / independent", "sales_category_reason": "override:south melbourne market"}}, {"type": "Feature", "geometry": {"type": "Point", "coordinates": [144.972654, -37.811033]}, "properties": {"id": "591b0a3056f79935", "name": "Spring Street Grocer", "address": "157 Spring Street VIC", "suburb": "", "postcode": "", "section_id": "inner-melbourne", "category": "deli", "priority": "medium", "status": "prospect", "phone": "+61 3 9639 0335", "website": "https://springstreetgrocer.com.au/", "notes": "Found via OpenStreetMap Overpass", "sales_category": "western_premium", "sales_category_label": "Western premium / independent", "sales_category_reason": "heuristic:western"}}, {"type": "Feature", "geometry": {"type": "Point", "coordinates": [145.1361864, -37.685102]}, "properties": {"id": "a1d1b94ab4d13dc9", "name": "St Helena Pasta Deli", "address": "VIC", "suburb": "", "postcode": "", "section_id": "inner-melbourne", "category": "deli", "priority": "medium", "status": "prospect", "phone": "", "website": "", "notes": "Found via OpenStreetMap Overpass", "sales_category": "western_premium", "sales_category_label": "Western premium / independent", "sales_category_reason": "heuristic:indie_deli"}}, {"type": "Feature", "geometry": {"type": "Point", "coordinates": [144.9742591, -37.8659583]}, "properties": {"id": "fe7801660796a270", "name": "St Kilda Esplanade Market", "address": "Esplanade VIC", "suburb": "", "postcode": "", "section_id": "inner-melbourne", "category": "marketplace", "priority": "medium", "status": "prospect", "phone": "+61 3 9209 6634", "website": "https://www.stkildaesplanademarket.com.au/", "notes": "Found via OpenStreetMap Overpass", "sales_category": "other", "sales_category_label": "Uncategorised / other", "sales_category_reason": "other:market"}}, {"type": "Feature", "geometry": {"type": "Point", "coordinates": [144.9776467, -37.8676845]}, "properties": {"id": "fcf664f06aea172f", "name": "St Kilda Twilight Market", "address": "VIC", "suburb": "", "postcode": "", "section_id": "inner-melbourne", "category": "marketplace", "priority": "medium", "status": "prospect", "phone": "", "website": "", "notes": "Found via OpenStreetMap Overpass", "sales_category": "other", "sales_category_label": "Uncategorised / other", "sales_category_reason": "other:market"}}, {"type": "Feature", "geometry": {"type": "Point", "coordinates": [144.9684137, -37.8206159]}, "properties": {"id": "0732ba54c28d565c", "name": "Sunday Market", "address": "VIC", "suburb": "", "postcode": "", "section_id": "inner-melbourne", "category": "marketplace", "priority": "medium", "status": "prospect", "phone": "+61 3 9281 8581", "website": "https://www.artscentremelbourne.com.au/visit/sunday-market", "notes": "Found via OpenStreetMap Overpass", "sales_category": "other", "sales_category_label": "Uncategorised / other", "sales_category_reason": "other:produce"}}, {"type": "Feature", "geometry": {"type": "Point", "coordinates": [144.7514453, -37.7232931]}, "properties": {"id": "613845d314ca11a1", "name": "Taylors Corner Deli", "address": "VIC", "suburb": "", "postcode": "", "section_id": "inner-melbourne", "category": "deli", "priority": "medium", "status": "prospect", "phone": "", "website": "", "notes": "Found via OpenStreetMap Overpass", "sales_category": "western_premium", "sales_category_label": "Western premium / independent", "sales_category_reason": "heuristic:indie_deli"}}, {"type": "Feature", "geometry": {"type": "Point", "coordinates": [145.3158268, -37.8557038]}, "properties": {"id": "05077a91480ef6b8", "name": "The Basin Pantry", "address": "1323 Mountain Highway The Basin VIC 3154", "suburb": "The Basin", "postcode": "3154", "section_id": "inner-melbourne", "category": "greengrocer", "priority": "medium", "status": "prospect", "phone": "+61 423 130 446", "website": "https://thebasinpantry.com.au/", "notes": "Found via OpenStreetMap Overpass", "sales_category": "western_premium", "sales_category_label": "Western premium / independent", "sales_category_reason": "heuristic:western"}}, {"type": "Feature", "geometry": {"type": "Point", "coordinates": [144.9590625, -37.8068779]}, "properties": {"id": "9bdd147993f4d0cf", "name": "The Corner Larder", "address": "VIC", "suburb": "", "postcode": "", "section_id": "inner-melbourne", "category": "deli", "priority": "medium", "status": "prospect", "phone": "", "website": "", "notes": "Found via OpenStreetMap Overpass", "sales_category": "other", "sales_category_label": "Uncategorised / other", "sales_category_reason": "other:fallback"}}, {"type": "Feature", "geometry": {"type": "Point", "coordinates": [144.9590215, -37.8068904]}, "properties": {"id": "132c2a7b4b5060f3", "name": "The Epicurean", "address": "VIC", "suburb": "", "postcode": "", "section_id": "inner-melbourne", "category": "deli", "priority": "medium", "status": "prospect", "phone": "", "website": "", "notes": "Found via OpenStreetMap Overpass", "sales_category": "other", "sales_category_label": "Uncategorised / other", "sales_category_reason": "other:fallback"}}, {"type": "Feature", "geometry": {"type": "Point", "coordinates": [144.9591609, -37.8071922]}, "properties": {"id": "475e7a5f23487cac", "name": "The French Shop", "address": "VIC", "suburb": "", "postcode": "", "section_id": "inner-melbourne", "category": "deli", "priority": "medium", "status": "prospect", "phone": "", "website": "", "notes": "Found via OpenStreetMap Overpass", "sales_category": "western_premium", "sales_category_label": "Western premium / independent", "sales_category_reason": "heuristic:western"}}, {"type": "Feature", "geometry": {"type": "Point", "coordinates": [144.9560648, -37.8319536]}, "properties": {"id": "37246c7847bb0301", "name": "The Fresh Pasta Shop", "address": "VIC", "suburb": "", "postcode": "", "section_id": "inner-melbourne", "category": "deli", "priority": "medium", "status": "prospect", "phone": "+61 3 9682 5009", "website": "", "notes": "Found via OpenStreetMap Overpass", "sales_category": "other", "sales_category_label": "Uncategorised / other", "sales_category_reason": "other:fallback"}}, {"type": "Feature", "geometry": {"type": "Point", "coordinates": [145.0742371, -37.6515341]}, "properties": {"id": "37206eb505f31148", "name": "The Harvest Store", "address": "VIC", "suburb": "", "postcode": "", "section_id": "inner-melbourne", "category": "greengrocer", "priority": "medium", "status": "prospect", "phone": "", "website": "", "notes": "Found via OpenStreetMap Overpass", "sales_category": "other", "sales_category_label": "Uncategorised / other", "sales_category_reason": "other:greengrocer"}}, {"type": "Feature", "geometry": {"type": "Point", "coordinates": [144.9590875, -37.8070378]}, "properties": {"id": "e00e79338dc824ee", "name": "The Land Of Soy And Honey", "address": "VIC", "suburb": "", "postcode": "", "section_id": "inner-melbourne", "category": "deli", "priority": "medium", "status": "prospect", "phone": "", "website": "", "notes": "Found via OpenStreetMap Overpass", "sales_category": "other", "sales_category_label": "Uncategorised / other", "sales_category_reason": "other:fallback"}}, {"type": "Feature", "geometry": {"type": "Point", "coordinates": [144.9600062, -37.8312312]}, "properties": {"id": "fd6471a2e44edd16", "name": "The Other Side", "address": "227 Clarendon Street South Melbourne VIC 3205", "suburb": "South Melbourne", "postcode": "3205", "section_id": "inner-melbourne", "category": "wholesale", "priority": "medium", "status": "prospect", "phone": "", "website": "", "notes": "Found via OpenStreetMap Overpass", "sales_category": "other", "sales_category_label": "Uncategorised / other", "sales_category_reason": "other:fallback"}}, {"type": "Feature", "geometry": {"type": "Point", "coordinates": [144.9590979, -37.8069221]}, "properties": {"id": "30c36b192b7dce98", "name": "The Queen Vic Deli", "address": "VIC", "suburb": "", "postcode": "", "section_id": "inner-melbourne", "category": "deli", "priority": "medium", "status": "prospect", "phone": "", "website": "", "notes": "Found via OpenStreetMap Overpass", "sales_category": "western_premium", "sales_category_label": "Western premium / independent", "sales_category_reason": "heuristic:indie_deli"}}, {"type": "Feature", "geometry": {"type": "Point", "coordinates": [144.9838, -37.7992]}, "properties": {"id": "e6e3a3731b40834c", "name": "The Source Bulk Foods Fitzroy", "address": "251 Smith Street, Fitzroy VIC 3065", "suburb": "Fitzroy", "postcode": "3065", "section_id": "inner-melbourne", "category": "bulk / wholefoods", "priority": "medium", "status": "prospect", "phone": "", "website": "https://www.thesourcebulkfoods.com.au", "notes": "Bulk wholefoods", "sales_category": "western_premium", "sales_category_label": "Western premium / independent", "sales_category_reason": "override:the source bulk"}}, {"type": "Feature", "geometry": {"type": "Point", "coordinates": [144.9591442, -37.8071603]}, "properties": {"id": "bd30dd97e82e2ecf", "name": "The Traditional Pasta Shop", "address": "VIC", "suburb": "", "postcode": "", "section_id": "inner-melbourne", "category": "deli", "priority": "medium", "status": "prospect", "phone": "", "website": "", "notes": "Found via OpenStreetMap Overpass", "sales_category": "other", "sales_category_label": "Uncategorised / other", "sales_category_reason": "other:fallback"}}, {"type": "Feature", "geometry": {"type": "Point", "coordinates": [145.0398032, -38.2206433]}, "properties": {"id": "f17f6d783e849797", "name": "Thrive", "address": "VIC", "suburb": "", "postcode": "", "section_id": "inner-melbourne", "category": "health food", "priority": "medium", "status": "prospect", "phone": "+61 406 109 204", "website": "", "notes": "Found via OpenStreetMap Overpass", "sales_category": "western_premium", "sales_category_label": "Western premium / independent", "sales_category_reason": "heuristic:western"}}, {"type": "Feature", "geometry": {"type": "Point", "coordinates": [145.1488071, -37.7137218]}, "properties": {"id": "33aa3736d85760d2", "name": "Thrive Bulk Wholefoods", "address": "VIC", "suburb": "", "postcode": "", "section_id": "inner-melbourne", "category": "health food", "priority": "medium", "status": "prospect", "phone": "", "website": "", "notes": "Found via OpenStreetMap Overpass", "sales_category": "western_premium", "sales_category_label": "Western premium / independent", "sales_category_reason": "heuristic:western"}}, {"type": "Feature", "geometry": {"type": "Point", "coordinates": [144.9591701, -37.8067674]}, "properties": {"id": "cabb200979733e4b", "name": "Tribal Tastes", "address": "VIC", "suburb": "", "postcode": "", "section_id": "inner-melbourne", "category": "deli", "priority": "medium", "status": "prospect", "phone": "", "website": "https://www.tribaltastes.com.au/", "notes": "Found via OpenStreetMap Overpass", "sales_category": "other", "sales_category_label": "Uncategorised / other", "sales_category_reason": "other:fallback"}}, {"type": "Feature", "geometry": {"type": "Point", "coordinates": [144.9672993, -37.7973407]}, "properties": {"id": "19f91076a0b6fca7", "name": "Trio Syrian Cuisine", "address": "339 Lygon Street VIC", "suburb": "", "postcode": "", "section_id": "inner-melbourne", "category": "deli", "priority": "medium", "status": "prospect", "phone": "+61 3 9042 1155", "website": "", "notes": "Found via OpenStreetMap Overpass", "sales_category": "other", "sales_category_label": "Uncategorised / other", "sales_category_reason": "other:fallback"}}, {"type": "Feature", "geometry": {"type": "Point", "coordinates": [144.956217, -37.8325553]}, "properties": {"id": "4e0dc525e980c70e", "name": "Vangeli's Deli", "address": "VIC", "suburb": "", "postcode": "", "section_id": "inner-melbourne", "category": "deli", "priority": "medium", "status": "prospect", "phone": "+61 3 9699 1284", "website": "", "notes": "Found via OpenStreetMap Overpass", "sales_category": "western_premium", "sales_category_label": "Western premium / independent", "sales_category_reason": "heuristic:indie_deli"}}, {"type": "Feature", "geometry": {"type": "Point", "coordinates": [144.977468, -37.798841]}, "properties": {"id": "49478928f61b881e", "name": "Wholesale Fruit & Vegetables", "address": "85 Victoria Street VIC", "suburb": "", "postcode": "", "section_id": "inner-melbourne", "category": "greengrocer", "priority": "medium", "status": "prospect", "phone": "", "website": "", "notes": "Found via OpenStreetMap Overpass", "sales_category": "other", "sales_category_label": "Uncategorised / other", "sales_category_reason": "other:produce"}}, {"type": "Feature", "geometry": {"type": "Point", "coordinates": [144.9641798, -37.8024049]}, "properties": {"id": "25de743c1cbe03b5", "name": "XD Fresh", "address": "604 Swanston Street Carlton VIC 3053", "suburb": "Carlton", "postcode": "3053", "section_id": "inner-melbourne", "category": "greengrocer", "priority": "medium", "status": "prospect", "phone": "", "website": "", "notes": "Found via OpenStreetMap Overpass", "sales_category": "other", "sales_category_label": "Uncategorised / other", "sales_category_reason": "other:greengrocer"}}, {"type": "Feature", "geometry": {"type": "Point", "coordinates": [144.9845, -37.798]}, "properties": {"id": "c65c8b4b23b284e3", "name": "Friends of the Earth Food Co-op", "address": "312 Smith Street, Collingwood VIC 3066", "suburb": "Collingwood", "postcode": "3066", "section_id": "inner-melbourne", "category": "organic / co-op", "priority": "high", "status": "prospect", "phone": "", "website": "", "notes": "Values-aligned organic co-op", "sales_category": "western_premium", "sales_category_label": "Western premium / independent", "sales_category_reason": "override:friends of the earth"}}, {"type": "Feature", "geometry": {"type": "Point", "coordinates": [144.9835, -37.7985]}, "properties": {"id": "3bbfd7b1157aa8b3", "name": "Organic Wholefoods", "address": "277 Smith Street, Fitzroy VIC 3065", "suburb": "Fitzroy", "postcode": "3065", "section_id": "inner-melbourne", "category": "organic grocery", "priority": "high", "status": "prospect", "phone": "", "website": "", "notes": "Long-running organic independent", "sales_category": "western_premium", "sales_category_label": "Western premium / independent", "sales_category_reason": "override:organic wholefoods"}}, {"type": "Feature", "geometry": {"type": "Point", "coordinates": [144.9835, -37.7985]}, "properties": {"id": "992debe30f483388", "name": "Organic Wholefoods Fitzroy", "address": "277 Smith Street, Fitzroy VIC 3065", "suburb": "Fitzroy", "postcode": "3065", "section_id": "inner-melbourne", "category": "organic grocery", "priority": "high", "status": "prospect", "phone": "", "website": "", "notes": "Independent organic grocery", "sales_category": "western_premium", "sales_category_label": "Western premium / independent", "sales_category_reason": "override:organic wholefoods"}}, {"type": "Feature", "geometry": {"type": "Point", "coordinates": [144.9928, -37.8462]}, "properties": {"id": "bafe5597604df3b7", "name": "Prahran Market", "address": "163 Commercial Road, South Yarra VIC 3141", "suburb": "South Yarra", "postcode": "3141", "section_id": "inner-melbourne", "category": "fresh food market", "priority": "high", "status": "prospect", "phone": "", "website": "https://www.prahranmarket.com.au", "notes": "Premium food precinct", "sales_category": "western_premium", "sales_category_label": "Western premium / independent", "sales_category_reason": "override:prahran market"}}, {"type": "Feature", "geometry": {"type": "Point", "coordinates": [144.9565, -37.8325]}, "properties": {"id": "69b8d69832a93531", "name": "South Melbourne Market", "address": "Cecil Street & Coventry Street, South Melbourne VIC 3205", "suburb": "South Melbourne", "postcode": "3205", "section_id": "inner-melbourne", "category": "fresh food market", "priority": "high", "status": "prospect", "phone": "", "website": "https://www.southmelbournemarket.com.au", "notes": "Premium produce & specialty stalls", "sales_category": "western_premium", "sales_category_label": "Western premium / independent", "sales_category_reason": "override:south melbourne market"}}, {"type": "Feature", "geometry": {"type": "Point", "coordinates": [144.9925, -37.8465]}, "properties": {"id": "0bc7923fa663fc7a", "name": "The Essential Ingredient", "address": "Murray Street, Prahran VIC 3181", "suburb": "Prahran", "postcode": "3181", "section_id": "inner-melbourne", "category": "gourmet / specialty foods", "priority": "high", "status": "prospect", "phone": "", "website": "https://www.essentialingredient.com.au", "notes": "Premium cooking ingredients & spices", "sales_category": "western_premium", "sales_category_label": "Western premium / independent", "sales_category_reason": "override:essential ingredient"}}, {"type": "Feature", "geometry": {"type": "Point", "coordinates": [144.9928, -37.847]}, "properties": {"id": "cbd008b49c8719ec", "name": "The Essential Ingredient Prahran", "address": "4 Murray Street, Prahran VIC 3181", "suburb": "Prahran", "postcode": "3181", "section_id": "inner-melbourne", "category": "gourmet / specialty foods", "priority": "high", "status": "prospect", "phone": "", "website": "https://www.essentialingredient.com.au", "notes": "Premium cooking ingredients & spices", "sales_category": "western_premium", "sales_category_label": "Western premium / independent", "sales_category_reason": "override:essential ingredient"}}, {"type": "Feature", "geometry": {"type": "Point", "coordinates": [145.0013741, -37.7387812]}, "properties": {"id": "15dcc8b7b1a32e4d", "name": "Aegean Foods", "address": "VIC", "suburb": "", "postcode": "", "section_id": "north", "category": "deli", "priority": "medium", "status": "prospect", "phone": "+61 3 9478 5243", "website": "", "notes": "Found via OpenStreetMap Overpass", "sales_category": "other", "sales_category_label": "Uncategorised / other", "sales_category_reason": "other:fallback"}}, {"type": "Feature", "geometry": {"type": "Point", "coordinates": [145.0015213, -37.7387952]}, "properties": {"id": "0dcd26095163359e", "name": "Athina's Deli", "address": "28 The Centreway Preston VIC 3072", "suburb": "Preston", "postcode": "3072", "section_id": "north", "category": "deli", "priority": "medium", "status": "prospect", "phone": "", "website": "", "notes": "Found via OpenStreetMap Overpass", "sales_category": "western_premium", "sales_category_label": "Western premium / independent", "sales_category_reason": "heuristic:indie_deli"}}, {"type": "Feature", "geometry": {"type": "Point", "coordinates": [144.9717358, -37.7260193]}, "properties": {"id": "6ed2ec7e35ddec7b", "name": "Bippi Foods", "address": "1 Wangim Way Coburg North VIC 3058", "suburb": "Coburg North", "postcode": "3058", "section_id": "north", "category": "deli", "priority": "medium", "status": "prospect", "phone": "", "website": "https://www.bippifoods.com/", "notes": "Found via OpenStreetMap Overpass", "sales_category": "other", "sales_category_label": "Uncategorised / other", "sales_category_reason": "other:fallback"}}, {"type": "Feature", "geometry": {"type": "Point", "coordinates": [145.0181267, -37.7778038]}, "properties": {"id": "b077fac41a82a55d", "name": "Biviano and Sons", "address": "98-100 Station Street Fairfield VIC 3078", "suburb": "Fairfield", "postcode": "3078", "section_id": "north", "category": "greengrocer", "priority": "medium", "status": "prospect", "phone": "+61 3 9489 0087", "website": "https://www.bivianoandsons.com.au/", "notes": "Found via OpenStreetMap Overpass", "sales_category": "other", "sales_category_label": "Uncategorised / other", "sales_category_reason": "other:greengrocer"}}, {"type": "Feature", "geometry": {"type": "Point", "coordinates": [145.0060366, -37.7169188]}, "properties": {"id": "a68d9cc39ca5c989", "name": "Bologna Smallgoods", "address": "VIC", "suburb": "", "postcode": "", "section_id": "north", "category": "deli", "priority": "medium", "status": "prospect", "phone": "", "website": "", "notes": "Found via OpenStreetMap Overpass", "sales_category": "western_premium", "sales_category_label": "Western premium / independent", "sales_category_reason": "heuristic:western"}}, {"type": "Feature", "geometry": {"type": "Point", "coordinates": [144.9608445, -37.7688585]}, "properties": {"id": "8a43e0974e043fa1", "name": "Brunswick Kitchen", "address": "288 Albert Street VIC", "suburb": "", "postcode": "", "section_id": "north", "category": "deli", "priority": "medium", "status": "prospect", "phone": "+61 422 778 442", "website": "https://www.brunswickkitchen.com.au/", "notes": "Found via OpenStreetMap Overpass", "sales_category": "other", "sales_category_label": "Uncategorised / other", "sales_category_reason": "other:fallback"}}, {"type": "Feature", "geometry": {"type": "Point", "coordinates": [144.9657496, -37.7435461]}, "properties": {"id": "7ef73dd931b56dc8", "name": "Brunswick Market", "address": "VIC", "suburb": "", "postcode": "", "section_id": "north", "category": "greengrocer", "priority": "medium", "status": "prospect", "phone": "", "website": "", "notes": "Found via OpenStreetMap Overpass", "sales_category": "other", "sales_category_label": "Uncategorised / other", "sales_category_reason": "other:greengrocer"}}, {"type": "Feature", "geometry": {"type": "Point", "coordinates": [145.0584882, -37.6966312]}, "properties": {"id": "bc65ef65e0fe79bc", "name": "Bundoora Fine Fruits", "address": "VIC", "suburb": "", "postcode": "", "section_id": "north", "category": "greengrocer", "priority": "medium", "status": "prospect", "phone": "", "website": "", "notes": "Found via OpenStreetMap Overpass", "sales_category": "other", "sales_category_label": "Uncategorised / other", "sales_category_reason": "other:greengrocer"}}, {"type": "Feature", "geometry": {"type": "Point", "coordinates": [145.0029818, -37.7390622]}, "properties": {"id": "707937d9ecb5e1f0", "name": "C & H Fruit and Vegetables", "address": "The Centreway Preston VIC 3072", "suburb": "Preston", "postcode": "3072", "section_id": "north", "category": "greengrocer", "priority": "medium", "status": "prospect", "phone": "", "website": "", "notes": "Found via OpenStreetMap Overpass", "sales_category": "other", "sales_category_label": "Uncategorised / other", "sales_category_reason": "other:produce"}}, {"type": "Feature", "geometry": {"type": "Point", "coordinates": [144.9805, -37.7655]}, "properties": {"id": "151f338791f1a1a5", "name": "CERES Fair Food / organic retail", "address": "Corner Roberts & Stewart Streets, Brunswick East VIC 3057", "suburb": "Brunswick East", "postcode": "3057", "section_id": "north", "category": "organic / community", "priority": "medium", "status": "prospect", "phone": "", "website": "https://ceres.org.au", "notes": "Organic / ethical retail environment", "sales_category": "western_premium", "sales_category_label": "Western premium / independent", "sales_category_reason": "override:ceres"}}, {"type": "Feature", "geometry": {"type": "Point", "coordinates": [145.0025628, -37.7390269]}, "properties": {"id": "6e4a08bd47a52723", "name": "Camuglia and Sons", "address": "The Centreway Preston VIC 3072", "suburb": "Preston", "postcode": "3072", "section_id": "north", "category": "greengrocer", "priority": "medium", "status": "prospect", "phone": "", "website": "", "notes": "Found via OpenStreetMap Overpass", "sales_category": "other", "sales_category_label": "Uncategorised / other", "sales_category_reason": "other:greengrocer"}}, {"type": "Feature", "geometry": {"type": "Point", "coordinates": [145.0281763, -37.7695353]}, "properties": {"id": "3a15a5cacf7f6293", "name": "Casa Iberica Smallgoods", "address": "154 Fulham Road VIC", "suburb": "", "postcode": "", "section_id": "north", "category": "deli", "priority": "medium", "status": "prospect", "phone": "", "website": "", "notes": "Found via OpenStreetMap Overpass", "sales_category": "western_premium", "sales_category_label": "Western premium / independent", "sales_category_reason": "override:casa iberica"}}, {"type": "Feature", "geometry": {"type": "Point", "coordinates": [144.9834059, -37.7657925]}, "properties": {"id": "ca3a0dfd45da0776", "name": "Ceres Makers and Flea Market", "address": "VIC", "suburb": "", "postcode": "", "section_id": "north", "category": "marketplace", "priority": "medium", "status": "prospect", "phone": "", "website": "https://ceres.org.au/makers-and-flea-market/", "notes": "Found via OpenStreetMap Overpass", "sales_category": "western_premium", "sales_category_label": "Western premium / independent", "sales_category_reason": "override:ceres"}}, {"type": "Feature", "geometry": {"type": "Point", "coordinates": [145.002914, -37.7389196]}, "properties": {"id": "33050a7bfd5d68f5", "name": "Chau Tan Hung Grocery", "address": "The Centreway VIC", "suburb": "", "postcode": "", "section_id": "north", "category": "greengrocer", "priority": "medium", "status": "prospect", "phone": "+61 3 9478 7129", "website": "", "notes": "Found via OpenStreetMap Overpass", "sales_category": "other", "sales_category_label": "Uncategorised / other", "sales_category_reason": "other:greengrocer"}}, {"type": "Feature", "geometry": {"type": "Point", "coordinates": [145.0382024, -37.7191608]}, "properties": {"id": "069d39b061762fdb", "name": "Cheesecake Shop", "address": "VIC", "suburb": "", "postcode": "", "section_id": "north", "category": "deli", "priority": "medium", "status": "prospect", "phone": "", "website": "", "notes": "Found via OpenStreetMap Overpass", "sales_category": "western_premium", "sales_category_label": "Western premium / independent", "sales_category_reason": "heuristic:specialty_deli"}}, {"type": "Feature", "geometry": {"type": "Point", "coordinates": [144.9682917, -37.7405127]}, "properties": {"id": "246838fc70d94cc2", "name": "Coburg Farmers Market", "address": "VIC", "suburb": "", "postcode": "", "section_id": "north", "category": "marketplace", "priority": "medium", "status": "prospect", "phone": "", "website": "https://mfm.com.au/pages/coburg-farmers-market", "notes": "Found via OpenStreetMap Overpass", "sales_category": "other", "sales_category_label": "Uncategorised / other", "sales_category_reason": "other:produce"}}, {"type": "Feature", "geometry": {"type": "Point", "coordinates": [144.9662565, -37.7423628]}, "properties": {"id": "694ebf07f24eaa24", "name": "Coburg Health Shop", "address": "461 Sydney Road VIC", "suburb": "", "postcode": "", "section_id": "north", "category": "health food", "priority": "medium", "status": "prospect", "phone": "+61 3 9354 8007", "website": "", "notes": "Found via OpenStreetMap Overpass", "sales_category": "western_premium", "sales_category_label": "Western premium / independent", "sales_category_reason": "heuristic:western"}}, {"type": "Feature", "geometry": {"type": "Point", "coordinates": [144.9639332, -37.7557831]}, "properties": {"id": "47d116fac5a1a544", "name": "Danny Balboas's Deli", "address": "869 Sydney Road VIC 3056", "suburb": "", "postcode": "3056", "section_id": "north", "category": "deli", "priority": "medium", "status": "prospect", "phone": "", "website": "", "notes": "Found via OpenStreetMap Overpass", "sales_category": "western_premium", "sales_category_label": "Western premium / independent", "sales_category_reason": "heuristic:indie_deli"}}, {"type": "Feature", "geometry": {"type": "Point", "coordinates": [144.9784371, -37.7718134]}, "properties": {"id": "bf2a75606abe51be", "name": "David Bros Grocer", "address": "10A Village Avenue VIC", "suburb": "", "postcode": "", "section_id": "north", "category": "greengrocer", "priority": "medium", "status": "prospect", "phone": "", "website": "https://www.davidbros.com.au/", "notes": "Found via OpenStreetMap Overpass", "sales_category": "western_premium", "sales_category_label": "Western premium / independent", "sales_category_reason": "heuristic:western"}}, {"type": "Feature", "geometry": {"type": "Point", "coordinates": [145.0022147, -37.7391004]}, "properties": {"id": "c3ed80e8482846e1", "name": "Deli+", "address": "Preston VIC 3072", "suburb": "Preston", "postcode": "3072", "section_id": "north", "category": "deli", "priority": "medium", "status": "prospect", "phone": "", "website": "", "notes": "Found via OpenStreetMap Overpass", "sales_category": "western_premium", "sales_category_label": "Western premium / independent", "sales_category_reason": "heuristic:indie_deli"}}, {"type": "Feature", "geometry": {"type": "Point", "coordinates": [144.922277, -37.7646854]}, "properties": {"id": "19823ce762340b9f", "name": "Demaria's", "address": "VIC", "suburb": "", "postcode": "", "section_id": "north", "category": "greengrocer", "priority": "medium", "status": "prospect", "phone": "", "website": "", "notes": "Found via OpenStreetMap Overpass", "sales_category": "western_premium", "sales_category_label": "Western premium / independent", "sales_category_reason": "override:demaria"}}, {"type": "Feature", "geometry": {"type": "Point", "coordinates": [145.0026613, -37.7391414]}, "properties": {"id": "eddac2dbde007f65", "name": "Egg and Pure Honey", "address": "Preston VIC 3072", "suburb": "Preston", "postcode": "3072", "section_id": "north", "category": "greengrocer", "priority": "medium", "status": "prospect", "phone": "", "website": "", "notes": "Found via OpenStreetMap Overpass", "sales_category": "other", "sales_category_label": "Uncategorised / other", "sales_category_reason": "other:greengrocer"}}, {"type": "Feature", "geometry": {"type": "Point", "coordinates": [145.0207972, -37.6925092]}, "properties": {"id": "6a2844cda2ca07d2", "name": "Elite Pallets", "address": "VIC", "suburb": "", "postcode": "", "section_id": "north", "category": "wholesale", "priority": "medium", "status": "prospect", "phone": "", "website": "", "notes": "Found via OpenStreetMap Overpass", "sales_category": "other", "sales_category_label": "Uncategorised / other", "sales_category_reason": "other:fallback"}}, {"type": "Feature", "geometry": {"type": "Point", "coordinates": [144.9640726, -37.7442971]}, "properties": {"id": "c3f8719b307c5fc5", "name": "F.O.Y Fresh On Young", "address": "VIC", "suburb": "", "postcode": "", "section_id": "north", "category": "greengrocer", "priority": "medium", "status": "prospect", "phone": "", "website": "", "notes": "Found via OpenStreetMap Overpass", "sales_category": "other", "sales_category_label": "Uncategorised / other", "sales_category_reason": "other:greengrocer"}}, {"type": "Feature", "geometry": {"type": "Point", "coordinates": [145.0023321, -37.7390913]}, "properties": {"id": "b9351c27e21f82c9", "name": "Farinacci Deli", "address": "Preston VIC 3072", "suburb": "Preston", "postcode": "3072", "section_id": "north", "category": "deli", "priority": "medium", "status": "prospect", "phone": "", "website": "", "notes": "Found via OpenStreetMap Overpass", "sales_category": "western_premium", "sales_category_label": "Western premium / independent", "sales_category_reason": "heuristic:indie_deli"}}, {"type": "Feature", "geometry": {"type": "Point", "coordinates": [144.96531, -37.7024493]}, "properties": {"id": "2c8129902ded1883", "name": "Fawkner Fresh", "address": "VIC", "suburb": "", "postcode": "", "section_id": "north", "category": "greengrocer", "priority": "medium", "status": "prospect", "phone": "", "website": "", "notes": "Found via OpenStreetMap Overpass", "sales_category": "other", "sales_category_label": "Uncategorised / other", "sales_category_reason": "other:greengrocer"}}, {"type": "Feature", "geometry": {"type": "Point", "coordinates": [145.0766858, -37.7460272]}, "properties": {"id": "80cc29b6fb5086a9", "name": "Four Leaves Cafe Food Store", "address": "37 Greville Road VIC", "suburb": "", "postcode": "", "section_id": "north", "category": "deli", "priority": "medium", "status": "prospect", "phone": "", "website": "https://fourleavescafe.com/", "notes": "Found via OpenStreetMap Overpass", "sales_category": "other", "sales_category_label": "Uncategorised / other", "sales_category_reason": "other:fallback"}}, {"type": "Feature", "geometry": {"type": "Point", "coordinates": [145.0043749, -37.7160088]}, "properties": {"id": "06a7104bf0b4316a", "name": "Fresh Fruit Market", "address": "VIC", "suburb": "", "postcode": "", "section_id": "north", "category": "greengrocer", "priority": "medium", "status": "prospect", "phone": "", "website": "", "notes": "Found via OpenStreetMap Overpass", "sales_category": "other", "sales_category_label": "Uncategorised / other", "sales_category_reason": "other:produce"}}, {"type": "Feature", "geometry": {"type": "Point", "coordinates": [145.0018293, -37.7527595]}, "properties": {"id": "09658a22f4e1e069", "name": "Front Cover", "address": "838-840 High Street Thornbury VIC 3071", "suburb": "Thornbury", "postcode": "3071", "section_id": "north", "category": "wholesale", "priority": "medium", "status": "prospect", "phone": "+61 3 9826 1888", "website": "https://www.frontcover.com.au/melbourne-wholesale-fashion/", "notes": "Found via OpenStreetMap Overpass", "sales_category": "other", "sales_category_label": "Uncategorised / other", "sales_category_reason": "other:noise"}}, {"type": "Feature", "geometry": {"type": "Point", "coordinates": [144.9965132, -37.6998766]}, "properties": {"id": "e0b632dcaab9e66c", "name": "Fruit and Vegetables", "address": "92 McFadzean Avenue Reservoir VIC 3073", "suburb": "Reservoir", "postcode": "3073", "section_id": "north", "category": "greengrocer", "priority": "medium", "status": "prospect", "phone": "", "website": "", "notes": "Found via OpenStreetMap Overpass", "sales_category": "other", "sales_category_label": "Uncategorised / other", "sales_category_reason": "other:produce"}}, {"type": "Feature", "geometry": {"type": "Point", "coordinates": [145.0207336, -37.6922456]}, "properties": {"id": "60ef8a07aafcb191", "name": "Gabbin Paper Tubes", "address": "VIC", "suburb": "", "postcode": "", "section_id": "north", "category": "wholesale", "priority": "medium", "status": "prospect", "phone": "", "website": "", "notes": "Found via OpenStreetMap Overpass", "sales_category": "other", "sales_category_label": "Uncategorised / other", "sales_category_reason": "other:fallback"}}, {"type": "Feature", "geometry": {"type": "Point", "coordinates": [144.9626482, -37.7757239]}, "properties": {"id": "9529847baade6907", "name": "Gangemi's Fruit & Vegetables", "address": "VIC", "suburb": "", "postcode": "", "section_id": "north", "category": "greengrocer", "priority": "medium", "status": "prospect", "phone": "", "website": "", "notes": "Found via OpenStreetMap Overpass", "sales_category": "other", "sales_category_label": "Uncategorised / other", "sales_category_reason": "other:produce"}}, {"type": "Feature", "geometry": {"type": "Point", "coordinates": [145.0028524, -37.7390488]}, "properties": {"id": "34532019060717eb", "name": "Gencarelli Fruit Supplies", "address": "The Centreway Preston VIC 3072", "suburb": "Preston", "postcode": "3072", "section_id": "north", "category": "greengrocer", "priority": "medium", "status": "prospect", "phone": "", "website": "", "notes": "Found via OpenStreetMap Overpass", "sales_category": "other", "sales_category_label": "Uncategorised / other", "sales_category_reason": "other:produce"}}, {"type": "Feature", "geometry": {"type": "Point", "coordinates": [144.9757665, -37.7218668]}, "properties": {"id": "48201543720d307c", "name": "Glassware Imports", "address": "2 Dairy Drive Coburg North VIC 3058", "suburb": "Coburg North", "postcode": "3058", "section_id": "north", "category": "wholesale", "priority": "medium", "status": "prospect", "phone": "+61 3 9354 0735", "website": "https://glasswareimports.com.au/", "notes": "Found via OpenStreetMap Overpass", "sales_category": "other", "sales_category_label": "Uncategorised / other", "sales_category_reason": "other:noise"}}, {"type": "Feature", "geometry": {"type": "Point", "coordinates": [144.9747585, -37.7458576]}, "properties": {"id": "af06a097e6b1d85f", "name": "Gnoccheria", "address": "89B Harding Street VIC", "suburb": "", "postcode": "", "section_id": "north", "category": "deli", "priority": "medium", "status": "prospect", "phone": "", "website": "https://www.tmhpastas.com.au/", "notes": "Found via OpenStreetMap Overpass", "sales_category": "other", "sales_category_label": "Uncategorised / other", "sales_category_reason": "other:fallback"}}, {"type": "Feature", "geometry": {"type": "Point", "coordinates": [144.9721498, -37.7682834]}, "properties": {"id": "4e6bf62dbc5cf0a9", "name": "Grana", "address": "331 Lygon Street VIC 3057", "suburb": "", "postcode": "3057", "section_id": "north", "category": "deli", "priority": "medium", "status": "prospect", "phone": "", "website": "https://granadeli.com/", "notes": "Found via OpenStreetMap Overpass", "sales_category": "other", "sales_category_label": "Uncategorised / other", "sales_category_reason": "other:fallback"}}, {"type": "Feature", "geometry": {"type": "Point", "coordinates": [144.9216576, -37.7645227]}, "properties": {"id": "19fc65578be51268", "name": "Grania", "address": "VIC", "suburb": "", "postcode": "", "section_id": "north", "category": "spices", "priority": "medium", "status": "prospect", "phone": "", "website": "", "notes": "Found via OpenStreetMap Overpass", "sales_category": "indian", "sales_category_label": "Indian grocery & spices", "sales_category_reason": "override:grania"}}, {"type": "Feature", "geometry": {"type": "Point", "coordinates": [145.0423278, -37.7491049]}, "properties": {"id": "f8e42d8f4d59af30", "name": "Heidelberg Fruit and Vegetable Market", "address": "VIC", "suburb": "", "postcode": "", "section_id": "north", "category": "greengrocer", "priority": "medium", "status": "prospect", "phone": "", "website": "", "notes": "Found via OpenStreetMap Overpass", "sales_category": "other", "sales_category_label": "Uncategorised / other", "sales_category_reason": "other:produce"}}, {"type": "Feature", "geometry": {"type": "Point", "coordinates": [144.9551041, -37.7658731]}, "properties": {"id": "e051092814bcb7f1", "name": "Hongfa International", "address": "405 Victoria Street VIC", "suburb": "", "postcode": "", "section_id": "north", "category": "wholesale", "priority": "medium", "status": "prospect", "phone": "", "website": "", "notes": "Found via OpenStreetMap Overpass", "sales_category": "other", "sales_category_label": "Uncategorised / other", "sales_category_reason": "other:fallback"}}, {"type": "Feature", "geometry": {"type": "Point", "coordinates": [144.9215925, -37.7657053]}, "properties": {"id": "145adca431afd169", "name": "Indian Sri Lankan Groceries", "address": "VIC", "suburb": "", "postcode": "", "section_id": "north", "category": "greengrocer", "priority": "medium", "status": "prospect", "phone": "", "website": "", "notes": "Found via OpenStreetMap Overpass", "sales_category": "indian", "sales_category_label": "Indian grocery & spices", "sales_category_reason": "override:indian sri lankan"}}, {"type": "Feature", "geometry": {"type": "Point", "coordinates": [144.9618463, -37.7678688]}, "properties": {"id": "e7142af2395576e2", "name": "Italiano's", "address": "403-407 Sydney Road VIC 3056", "suburb": "", "postcode": "3056", "section_id": "north", "category": "greengrocer", "priority": "medium", "status": "prospect", "phone": "+61 3 9380 1909", "website": "", "notes": "Found via OpenStreetMap Overpass", "sales_category": "other", "sales_category_label": "Uncategorised / other", "sales_category_reason": "other:greengrocer"}}, {"type": "Feature", "geometry": {"type": "Point", "coordinates": [145.0416992, -37.7695249]}, "properties": {"id": "460ba7544dd5da06", "name": "Ivanhoe Health Store", "address": "VIC", "suburb": "", "postcode": "", "section_id": "north", "category": "health food", "priority": "medium", "status": "prospect", "phone": "", "website": "", "notes": "Found via OpenStreetMap Overpass", "sales_category": "western_premium", "sales_category_label": "Western premium / independent", "sales_category_reason": "heuristic:western"}}, {"type": "Feature", "geometry": {"type": "Point", "coordinates": [145.0445, -37.7685]}, "properties": {"id": "47f6ca3c0f3ce041", "name": "Ivanhoe specialty foods strip", "address": "Upper Heidelberg Road, Ivanhoe VIC 3079", "suburb": "Ivanhoe", "postcode": "3079", "section_id": "north", "category": "gourmet strip", "priority": "medium", "status": "prospect", "phone": "", "website": "", "notes": "Affluent independent strip", "sales_category": "western_premium", "sales_category_label": "Western premium / independent", "sales_category_reason": "override:ivanhoe specialty"}}, {"type": "Feature", "geometry": {"type": "Point", "coordinates": [145.0029017, -37.7391682]}, "properties": {"id": "4ea191eb7a8fc283", "name": "J & M Fruit Supply", "address": "Preston VIC 3072", "suburb": "Preston", "postcode": "3072", "section_id": "north", "category": "greengrocer", "priority": "medium", "status": "prospect", "phone": "", "website": "", "notes": "Found via OpenStreetMap Overpass", "sales_category": "other", "sales_category_label": "Uncategorised / other", "sales_category_reason": "other:produce"}}, {"type": "Feature", "geometry": {"type": "Point", "coordinates": [145.0025705, -37.7388928]}, "properties": {"id": "310504dd16fa3d06", "name": "J & T Vasilevski Fruit and Vegetables", "address": "The Centreway Preston VIC 3072", "suburb": "Preston", "postcode": "3072", "section_id": "north", "category": "greengrocer", "priority": "medium", "status": "prospect", "phone": "", "website": "", "notes": "Found via OpenStreetMap Overpass", "sales_category": "other", "sales_category_label": "Uncategorised / other", "sales_category_reason": "other:produce"}}, {"type": "Feature", "geometry": {"type": "Point", "coordinates": [145.0023038, -37.7392709]}, "properties": {"id": "fdf8ec353870c21d", "name": "Jerry's Deli", "address": "Preston VIC 3072", "suburb": "Preston", "postcode": "3072", "section_id": "north", "category": "deli", "priority": "medium", "status": "prospect", "phone": "+61 3 9478 7046", "website": "", "notes": "Found via OpenStreetMap Overpass", "sales_category": "western_premium", "sales_category_label": "Western premium / independent", "sales_category_reason": "heuristic:indie_deli"}}, {"type": "Feature", "geometry": {"type": "Point", "coordinates": [145.0004366, -37.7691162]}, "properties": {"id": "4b111a2e510a05db", "name": "Keep It Fresh", "address": "VIC", "suburb": "", "postcode": "", "section_id": "north", "category": "greengrocer", "priority": "medium", "status": "prospect", "phone": "", "website": "", "notes": "Found via OpenStreetMap Overpass", "sales_category": "other", "sales_category_label": "Uncategorised / other", "sales_category_reason": "other:greengrocer"}}, {"type": "Feature", "geometry": {"type": "Point", "coordinates": [145.0505436, -37.7247557]}, "properties": {"id": "f491d0600a73ba02", "name": "Kingsbury Drive Community Market", "address": "VIC", "suburb": "", "postcode": "", "section_id": "north", "category": "marketplace", "priority": "medium", "status": "prospect", "phone": "+61 3 9435 8282", "website": "https://www.dvcsmarkets.com.au/kingsbury-drive-community-market", "notes": "Found via OpenStreetMap Overpass", "sales_category": "other", "sales_category_label": "Uncategorised / other", "sales_category_reason": "other:market"}}, {"type": "Feature", "geometry": {"type": "Point", "coordinates": [144.9749094, -37.7573414]}, "properties": {"id": "74e466c3fe701e7b", "name": "La Tosca Foods", "address": "92-100 Holmes Street VIC", "suburb": "", "postcode": "", "section_id": "north", "category": "deli", "priority": "medium", "status": "prospect", "phone": "+61 3 9384 6622", "website": "https://www.latoscafoods.com.au/", "notes": "Found via OpenStreetMap Overpass", "sales_category": "other", "sales_category_label": "Uncategorised / other", "sales_category_reason": "other:fallback"}}, {"type": "Feature", "geometry": {"type": "Point", "coordinates": [145.0022209, -37.739283]}, "properties": {"id": "025489f315b02e0f", "name": "Lemnos Deli", "address": "VIC", "suburb": "", "postcode": "", "section_id": "north", "category": "deli", "priority": "medium", "status": "prospect", "phone": "", "website": "", "notes": "Found via OpenStreetMap Overpass", "sales_category": "western_premium", "sales_category_label": "Western premium / independent", "sales_category_reason": "heuristic:indie_deli"}}, {"type": "Feature", "geometry": {"type": "Point", "coordinates": [145.0070241, -37.7038261]}, "properties": {"id": "5a51afc81f6f9018", "name": "Mariluci", "address": "VIC", "suburb": "", "postcode": "", "section_id": "north", "category": "deli", "priority": "medium", "status": "prospect", "phone": "", "website": "", "notes": "Found via OpenStreetMap Overpass", "sales_category": "other", "sales_category_label": "Uncategorised / other", "sales_category_reason": "other:fallback"}}, {"type": "Feature", "geometry": {"type": "Point", "coordinates": [145.0022297, -37.7392103]}, "properties": {"id": "2e41578ef4ed97cc", "name": "Mariluci Fine Food and Specialties", "address": "VIC", "suburb": "", "postcode": "", "section_id": "north", "category": "deli", "priority": "medium", "status": "prospect", "phone": "", "website": "", "notes": "Found via OpenStreetMap Overpass", "sales_category": "western_premium", "sales_category_label": "Western premium / independent", "sales_category_reason": "heuristic:western"}}, {"type": "Feature", "geometry": {"type": "Point", "coordinates": [144.9220114, -37.7648063]}, "properties": {"id": "3860495f2ac3a122", "name": "Mother's Pantry", "address": "VIC", "suburb": "", "postcode": "", "section_id": "north", "category": "deli", "priority": "medium", "status": "prospect", "phone": "", "website": "", "notes": "Found via OpenStreetMap Overpass", "sales_category": "western_premium", "sales_category_label": "Western premium / independent", "sales_category_reason": "heuristic:western"}}, {"type": "Feature", "geometry": {"type": "Point", "coordinates": [144.9995, -37.7705]}, "properties": {"id": "0719f42d476a03da", "name": "Northcote / High Street organic & gourmet strip", "address": "High Street, Northcote VIC 3070", "suburb": "Northcote", "postcode": "3070", "section_id": "north", "category": "gourmet / organic strip", "priority": "medium", "status": "prospect", "phone": "", "website": "", "notes": "Walk High St for independents", "sales_category": "western_premium", "sales_category_label": "Western premium / independent", "sales_category_reason": "override:northcote / high street organic"}}, {"type": "Feature", "geometry": {"type": "Point", "coordinates": [144.9633318, -37.7262955]}, "properties": {"id": "782ff88df8fc9c68", "name": "Nutrition Warehouse", "address": "VIC", "suburb": "", "postcode": "", "section_id": "north", "category": "health food", "priority": "medium", "status": "prospect", "phone": "", "website": "", "notes": "Found via OpenStreetMap Overpass", "sales_category": "western_premium", "sales_category_label": "Western premium / independent", "sales_category_reason": "heuristic:western"}}, {"type": "Feature", "geometry": {"type": "Point", "coordinates": [144.9722358, -37.7761485]}, "properties": {"id": "9bbdb470d086b0bc", "name": "Oranges & Lemons", "address": "132 Weston Street VIC", "suburb": "", "postcode": "", "section_id": "north", "category": "wholesale", "priority": "medium", "status": "prospect", "phone": "+61 3 9329 9587", "website": "https://orangesandlemons.com.au/", "notes": "Found via OpenStreetMap Overpass", "sales_category": "other", "sales_category_label": "Uncategorised / other", "sales_category_reason": "other:noise"}}, {"type": "Feature", "geometry": {"type": "Point", "coordinates": [144.9832705, -37.7655895]}, "properties": {"id": "b49c3821ffd639f2", "name": "Organic Grocery", "address": "Organic Grocery, Honey Lane, Brunswick East, Melbourne, Victoria, 3057, Australia", "suburb": "Brunswick East", "postcode": "3057", "section_id": "north", "category": "convenience / shop", "priority": "medium", "status": "prospect", "phone": "", "website": "", "notes": "Nominatim: organic grocery Brunswick Victoria", "sales_category": "western_premium", "sales_category_label": "Western premium / independent", "sales_category_reason": "heuristic:western"}}, {"type": "Feature", "geometry": {"type": "Point", "coordinates": [145.0180311, -37.778472]}, "properties": {"id": "bf3c1bdbdb7f17f8", "name": "Pasta Poetry", "address": "86 Station Street Fairfield VIC 3078", "suburb": "Fairfield", "postcode": "3078", "section_id": "north", "category": "deli", "priority": "medium", "status": "prospect", "phone": "", "website": "", "notes": "Found via OpenStreetMap Overpass", "sales_category": "other", "sales_category_label": "Uncategorised / other", "sales_category_reason": "other:fallback"}}, {"type": "Feature", "geometry": {"type": "Point", "coordinates": [144.9632822, -37.7595472]}, "properties": {"id": "4dc8d88969e25df7", "name": "Peter Watson", "address": "739 Sydney Road Brunswick VIC 3056", "suburb": "Brunswick", "postcode": "3056", "section_id": "north", "category": "deli", "priority": "medium", "status": "prospect", "phone": "+61 3 9417 0209", "website": "", "notes": "Found via OpenStreetMap Overpass", "sales_category": "other", "sales_category_label": "Uncategorised / other", "sales_category_reason": "other:fallback"}}, {"type": "Feature", "geometry": {"type": "Point", "coordinates": [145.0017877, -37.7677496]}, "properties": {"id": "9886514fce9115f9", "name": "Plaza Deli", "address": "VIC", "suburb": "", "postcode": "", "section_id": "north", "category": "deli", "priority": "medium", "status": "prospect", "phone": "", "website": "", "notes": "Found via OpenStreetMap Overpass", "sales_category": "western_premium", "sales_category_label": "Western premium / independent", "sales_category_reason": "heuristic:indie_deli"}}, {"type": "Feature", "geometry": {"type": "Point", "coordinates": [145.0019879, -37.7389668]}, "properties": {"id": "cac19dc2e5e7d994", "name": "Preston Market", "address": "VIC", "suburb": "", "postcode": "", "section_id": "north", "category": "mall", "priority": "medium", "status": "prospect", "phone": "", "website": "https://www.prestonmarket.com.au/", "notes": "Found via OpenStreetMap Overpass", "sales_category": "other", "sales_category_label": "Uncategorised / other", "sales_category_reason": "override:preston market"}}, {"type": "Feature", "geometry": {"type": "Point", "coordinates": [145.0020456, -37.7393844]}, "properties": {"id": "dca323a47a5d3942", "name": "Preston Market Health Foods", "address": "237 Earle Street Preston VIC 3072", "suburb": "Preston", "postcode": "3072", "section_id": "north", "category": "health food", "priority": "medium", "status": "prospect", "phone": "", "website": "", "notes": "Found via OpenStreetMap Overpass", "sales_category": "other", "sales_category_label": "Uncategorised / other", "sales_category_reason": "override:preston market"}}, {"type": "Feature", "geometry": {"type": "Point", "coordinates": [145.0073415, -37.7148228]}, "properties": {"id": "dd655a63788d254b", "name": "Reservoir Fresh", "address": "VIC", "suburb": "", "postcode": "", "section_id": "north", "category": "greengrocer", "priority": "medium", "status": "prospect", "phone": "", "website": "", "notes": "Found via OpenStreetMap Overpass", "sales_category": "other", "sales_category_label": "Uncategorised / other", "sales_category_reason": "other:greengrocer"}}, {"type": "Feature", "geometry": {"type": "Point", "coordinates": [145.0017086, -37.7385979]}, "properties": {"id": "1190ce532ee32878", "name": "Rhubarb Rhubarb Organics", "address": "Pam Lane VIC", "suburb": "", "postcode": "", "section_id": "north", "category": "greengrocer", "priority": "medium", "status": "prospect", "phone": "+61 3 9478 7344", "website": "https://rhubarborganics.com.au/", "notes": "Found via OpenStreetMap Overpass", "sales_category": "other", "sales_category_label": "Uncategorised / other", "sales_category_reason": "other:greengrocer"}}, {"type": "Feature", "geometry": {"type": "Point", "coordinates": [145.000566, -37.769045]}, "properties": {"id": "a95856c5ea0b1699", "name": "Ryan's Garden Markets", "address": "VIC", "suburb": "", "postcode": "", "section_id": "north", "category": "greengrocer", "priority": "medium", "status": "prospect", "phone": "", "website": "", "notes": "Found via OpenStreetMap Overpass", "sales_category": "other", "sales_category_label": "Uncategorised / other", "sales_category_reason": "other:greengrocer"}}, {"type": "Feature", "geometry": {"type": "Point", "coordinates": [144.9971631, -37.7792499]}, "properties": {"id": "5923251ba0ee9b87", "name": "Shoku Iku Australia", "address": "120 High Street VIC", "suburb": "", "postcode": "", "section_id": "north", "category": "deli", "priority": "medium", "status": "prospect", "phone": "+61 403 569 019", "website": "https://shokuikuaustralia.com/", "notes": "Found via OpenStreetMap Overpass", "sales_category": "other", "sales_category_label": "Uncategorised / other", "sales_category_reason": "other:fallback"}}, {"type": "Feature", "geometry": {"type": "Point", "coordinates": [145.0022084, -37.7393424]}, "properties": {"id": "4a981d7205bf7f4c", "name": "Slavonija Deli", "address": "Preston VIC 3072", "suburb": "Preston", "postcode": "3072", "section_id": "north", "category": "deli", "priority": "medium", "status": "prospect", "phone": "", "website": "", "notes": "Found via OpenStreetMap Overpass", "sales_category": "western_premium", "sales_category_label": "Western premium / independent", "sales_category_reason": "heuristic:indie_deli"}}, {"type": "Feature", "geometry": {"type": "Point", "coordinates": [145.042706, -37.7488568]}, "properties": {"id": "928f12310767f262", "name": "Suburban Fruit Market", "address": "36 The Mall VIC 3081", "suburb": "", "postcode": "3081", "section_id": "north", "category": "greengrocer", "priority": "medium", "status": "prospect", "phone": "", "website": "", "notes": "Found via OpenStreetMap Overpass", "sales_category": "other", "sales_category_label": "Uncategorised / other", "sales_category_reason": "other:produce"}}, {"type": "Feature", "geometry": {"type": "Point", "coordinates": [144.9607577, -37.764227]}, "properties": {"id": "0f2873f254811ee7", "name": "Superhuman Food Store", "address": "15 Hope Street Brunswick VIC 3056", "suburb": "Brunswick", "postcode": "3056", "section_id": "north", "category": "health food", "priority": "medium", "status": "prospect", "phone": "", "website": "https://www.facebook.com/Superhumanaustralia/", "notes": "Found via OpenStreetMap Overpass", "sales_category": "western_premium", "sales_category_label": "Western premium / independent", "sales_category_reason": "heuristic:western"}}, {"type": "Feature", "geometry": {"type": "Point", "coordinates": [144.9659166, -37.7441486]}, "properties": {"id": "be1e882b75b179e4", "name": "The Deli Coburg", "address": "401 Sydney Road VIC", "suburb": "", "postcode": "", "section_id": "north", "category": "deli", "priority": "medium", "status": "prospect", "phone": "+61 3 9354 2056", "website": "https://thedelicoburg.com.au/", "notes": "Found via OpenStreetMap Overpass", "sales_category": "western_premium", "sales_category_label": "Western premium / independent", "sales_category_reason": "heuristic:indie_deli"}}, {"type": "Feature", "geometry": {"type": "Point", "coordinates": [145.0412307, -37.7683389]}, "properties": {"id": "3c268e2e580cc94e", "name": "The Froot Shop", "address": "VIC", "suburb": "", "postcode": "", "section_id": "north", "category": "greengrocer", "priority": "medium", "status": "prospect", "phone": "", "website": "", "notes": "Found via OpenStreetMap Overpass", "sales_category": "other", "sales_category_label": "Uncategorised / other", "sales_category_reason": "other:greengrocer"}}, {"type": "Feature", "geometry": {"type": "Point", "coordinates": [145.0027186, -37.7388991]}, "properties": {"id": "2e57a8bc8c8c2a09", "name": "The Fruit Station", "address": "VIC", "suburb": "", "postcode": "", "section_id": "north", "category": "greengrocer", "priority": "medium", "status": "prospect", "phone": "", "website": "", "notes": "Found via OpenStreetMap Overpass", "sales_category": "other", "sales_category_label": "Uncategorised / other", "sales_category_reason": "other:produce"}}, {"type": "Feature", "geometry": {"type": "Point", "coordinates": [144.9583456, -37.7636555]}, "properties": {"id": "e9edf205ddadbdcd", "name": "The Good Brew Co.", "address": "54 Hope Street Brunswick VIC 3056", "suburb": "Brunswick", "postcode": "3056", "section_id": "north", "category": "deli", "priority": "medium", "status": "prospect", "phone": "+61 406 154 886", "website": "https://goodbrew.com.au/", "notes": "Found via OpenStreetMap Overpass", "sales_category": "other", "sales_category_label": "Uncategorised / other", "sales_category_reason": "other:fallback"}}, {"type": "Feature", "geometry": {"type": "Point", "coordinates": [145.0186539, -37.7770699]}, "properties": {"id": "8d60ffa805ccc1f9", "name": "The Hub", "address": "133 Station Street Fairfield VIC 3078", "suburb": "Fairfield", "postcode": "3078", "section_id": "north", "category": "health food", "priority": "medium", "status": "prospect", "phone": "+61 3 9486 2655", "website": "", "notes": "Found via OpenStreetMap Overpass", "sales_category": "western_premium", "sales_category_label": "Western premium / independent", "sales_category_reason": "heuristic:western"}}, {"type": "Feature", "geometry": {"type": "Point", "coordinates": [144.9789523, -37.7721858]}, "properties": {"id": "52329d877591ecdc", "name": "This Earth This Food", "address": "5 Village Avenue VIC", "suburb": "", "postcode": "", "section_id": "north", "category": "health food", "priority": "medium", "status": "prospect", "phone": "+61 3 9118 4131", "website": "https://thisearththisfood.com.au/", "notes": "Found via OpenStreetMap Overpass", "sales_category": "western_premium", "sales_category_label": "Western premium / independent", "sales_category_reason": "heuristic:western"}}, {"type": "Feature", "geometry": {"type": "Point", "coordinates": [144.9605098, -37.7722209]}, "properties": {"id": "c58181e56f1109aa", "name": "Tofu Shoten", "address": "6B Saxon Street Brunswick VIC 3056", "suburb": "Brunswick", "postcode": "3056", "section_id": "north", "category": "deli", "priority": "medium", "status": "prospect", "phone": "", "website": "", "notes": "Found via OpenStreetMap Overpass", "sales_category": "other", "sales_category_label": "Uncategorised / other", "sales_category_reason": "other:fallback"}}, {"type": "Feature", "geometry": {"type": "Point", "coordinates": [144.9605052, -37.7722486]}, "properties": {"id": "820cde0afce849ed", "name": "Tofu Shoten", "address": "6A Saxon Street VIC", "suburb": "", "postcode": "", "section_id": "north", "category": "deli", "priority": "medium", "status": "prospect", "phone": "", "website": "", "notes": "Found via OpenStreetMap Overpass", "sales_category": "other", "sales_category_label": "Uncategorised / other", "sales_category_reason": "other:fallback"}}, {"type": "Feature", "geometry": {"type": "Point", "coordinates": [144.9629354, -37.7615054]}, "properties": {"id": "2393f12cc2f9f5bd", "name": "Vinfresh", "address": "663 Sydney Road Brunswick VIC 3056", "suburb": "Brunswick", "postcode": "3056", "section_id": "north", "category": "greengrocer", "priority": "medium", "status": "prospect", "phone": "+61 3 9384 6670", "website": "", "notes": "Found via OpenStreetMap Overpass", "sales_category": "other", "sales_category_label": "Uncategorised / other", "sales_category_reason": "other:greengrocer"}}, {"type": "Feature", "geometry": {"type": "Point", "coordinates": [144.9658764, -37.7446278]}, "properties": {"id": "8d037e6a04d85dcc", "name": "Vinnie's Fruit", "address": "VIC", "suburb": "", "postcode": "", "section_id": "north", "category": "greengrocer", "priority": "medium", "status": "prospect", "phone": "", "website": "", "notes": "Found via OpenStreetMap Overpass", "sales_category": "other", "sales_category_label": "Uncategorised / other", "sales_category_reason": "other:produce"}}, {"type": "Feature", "geometry": {"type": "Point", "coordinates": [144.9385118, -37.7075503]}, "properties": {"id": "79eaf4d151b1f13d", "name": "West Street Fruits", "address": "VIC", "suburb": "", "postcode": "", "section_id": "north", "category": "greengrocer", "priority": "medium", "status": "prospect", "phone": "", "website": "", "notes": "Found via OpenStreetMap Overpass", "sales_category": "other", "sales_category_label": "Uncategorised / other", "sales_category_reason": "other:greengrocer"}}, {"type": "Feature", "geometry": {"type": "Point", "coordinates": [144.9616444, -37.7690362]}, "properties": {"id": "58c4865bef86804d", "name": "Wild Life Superette", "address": "365 Sydney Road Brunswick VIC 3056", "suburb": "Brunswick", "postcode": "3056", "section_id": "north", "category": "deli", "priority": "medium", "status": "prospect", "phone": "", "website": "", "notes": "Found via OpenStreetMap Overpass", "sales_category": "other", "sales_category_label": "Uncategorised / other", "sales_category_reason": "other:fallback"}}, {"type": "Feature", "geometry": {"type": "Point", "coordinates": [145.0223345, -37.6900069]}, "properties": {"id": "83f1f111a36964ca", "name": "Xotic Mushrooms", "address": "337 Settlement Road VIC", "suburb": "", "postcode": "", "section_id": "north", "category": "greengrocer", "priority": "medium", "status": "prospect", "phone": "", "website": "", "notes": "Found via OpenStreetMap Overpass", "sales_category": "other", "sales_category_label": "Uncategorised / other", "sales_category_reason": "other:greengrocer"}}, {"type": "Feature", "geometry": {"type": "Point", "coordinates": [144.9665, -37.7545]}, "properties": {"id": "87339bfefb22b317", "name": "Mediterranean Wholesalers", "address": "107–113 Moreland Road, Coburg VIC 3058", "suburb": "Coburg", "postcode": "3058", "section_id": "north", "category": "food wholesale", "priority": "high", "status": "prospect", "phone": "", "website": "", "notes": "Large specialty / wholesale grocery", "sales_category": "western_premium", "sales_category_label": "Western premium / independent", "sales_category_reason": "override:mediterranean wholesaler"}}, {"type": "Feature", "geometry": {"type": "Point", "coordinates": [144.9725, -37.7705]}, "properties": {"id": "4b07279bde662a71", "name": "Organic Wholefoods Brunswick", "address": "236 Lygon Street, Brunswick East VIC 3057", "suburb": "Brunswick East", "postcode": "3057", "section_id": "north", "category": "organic grocery", "priority": "high", "status": "prospect", "phone": "", "website": "", "notes": "Independent organic grocery", "sales_category": "western_premium", "sales_category_label": "Western premium / independent", "sales_category_reason": "override:organic wholefoods"}}, {"type": "Feature", "geometry": {"type": "Point", "coordinates": [145.1129559, -37.7721692]}, "properties": {"id": "d42067bc9d31ce5e", "name": "5 The Mall Fruit Market", "address": "VIC", "suburb": "", "postcode": "", "section_id": "outer-east", "category": "greengrocer", "priority": "medium", "status": "prospect", "phone": "", "website": "", "notes": "Found via OpenStreetMap Overpass", "sales_category": "other", "sales_category_label": "Uncategorised / other", "sales_category_reason": "other:produce"}}, {"type": "Feature", "geometry": {"type": "Point", "coordinates": [145.1224878, -37.8196953]}, "properties": {"id": "13b54de3d20ad986", "name": "Amazing Veggies", "address": "VIC", "suburb": "", "postcode": "", "section_id": "outer-east", "category": "greengrocer", "priority": "medium", "status": "prospect", "phone": "", "website": "", "notes": "Found via OpenStreetMap Overpass", "sales_category": "other", "sales_category_label": "Uncategorised / other", "sales_category_reason": "other:greengrocer"}}, {"type": "Feature", "geometry": {"type": "Point", "coordinates": [145.1512162, -37.8205879]}, "properties": {"id": "0f6726df9e82a4b3", "name": "Angelo's Organic", "address": "VIC", "suburb": "", "postcode": "", "section_id": "outer-east", "category": "greengrocer", "priority": "medium", "status": "prospect", "phone": "", "website": "", "notes": "Found via OpenStreetMap Overpass", "sales_category": "western_premium", "sales_category_label": "Western premium / independent", "sales_category_reason": "heuristic:western"}}, {"type": "Feature", "geometry": {"type": "Point", "coordinates": [145.2103543, -37.8761745]}, "properties": {"id": "3f658e6d5c7b3136", "name": "Apples On High", "address": "VIC", "suburb": "", "postcode": "", "section_id": "outer-east", "category": "greengrocer", "priority": "medium", "status": "prospect", "phone": "", "website": "", "notes": "Found via OpenStreetMap Overpass", "sales_category": "other", "sales_category_label": "Uncategorised / other", "sales_category_reason": "other:greengrocer"}}, {"type": "Feature", "geometry": {"type": "Point", "coordinates": [145.2057013, -37.8751633]}, "properties": {"id": "8ccb1ce02e85b3bf", "name": "Big Watermelon", "address": "1161 High Street Road Wantirna South VIC 3152", "suburb": "Wantirna South", "postcode": "3152", "section_id": "outer-east", "category": "organic greengrocer", "priority": "medium", "status": "prospect", "phone": "", "website": "https://www.bigwatermelon.com.au/", "notes": "Found via OpenStreetMap Overpass", "sales_category": "western_premium", "sales_category_label": "Western premium / independent", "sales_category_reason": "heuristic:western"}}, {"type": "Feature", "geometry": {"type": "Point", "coordinates": [145.2057798, -37.8750119]}, "properties": {"id": "d66434a867545115", "name": "Big Watermelon Bushy Park Wholesale", "address": "1161 High Street Road VIC", "suburb": "", "postcode": "", "section_id": "outer-east", "category": "greengrocer", "priority": "medium", "status": "prospect", "phone": "", "website": "http://bushyparkwholesale.com.au/", "notes": "Found via OpenStreetMap Overpass", "sales_category": "other", "sales_category_label": "Uncategorised / other", "sales_category_reason": "other:greengrocer"}}, {"type": "Feature", "geometry": {"type": "Point", "coordinates": [145.1353062, -37.7316767]}, "properties": {"id": "09db472ae49329a9", "name": "Bolton Street Deli", "address": "120-122 Bolton Street VIC", "suburb": "", "postcode": "", "section_id": "outer-east", "category": "deli", "priority": "medium", "status": "prospect", "phone": "", "website": "", "notes": "Found via OpenStreetMap Overpass", "sales_category": "western_premium", "sales_category_label": "Western premium / independent", "sales_category_reason": "heuristic:indie_deli"}}, {"type": "Feature", "geometry": {"type": "Point", "coordinates": [145.1353429, -37.7314704]}, "properties": {"id": "82bcdbe98a3ff8ed", "name": "Bolton Street Fruit Market", "address": "130 Bolton Street VIC", "suburb": "", "postcode": "", "section_id": "outer-east", "category": "greengrocer", "priority": "medium", "status": "prospect", "phone": "", "website": "", "notes": "Found via OpenStreetMap Overpass", "sales_category": "other", "sales_category_label": "Uncategorised / other", "sales_category_reason": "other:produce"}}, {"type": "Feature", "geometry": {"type": "Point", "coordinates": [145.1203412, -37.8196048]}, "properties": {"id": "436ed1fb6d20870c", "name": "Coles", "address": "VIC", "suburb": "", "postcode": "", "section_id": "outer-east", "category": "organic supermarket", "priority": "medium", "status": "prospect", "phone": "", "website": "", "notes": "Found via OpenStreetMap Overpass", "sales_category": "western_premium", "sales_category_label": "Western premium / independent", "sales_category_reason": "heuristic:western"}}, {"type": "Feature", "geometry": {"type": "Point", "coordinates": [145.2252706, -37.8145817]}, "properties": {"id": "a876f1e9649623ad", "name": "Costco", "address": "29 Bond Street VIC", "suburb": "", "postcode": "", "section_id": "outer-east", "category": "wholesale", "priority": "medium", "status": "prospect", "phone": "+61 3 8873 6700", "website": "https://www.costco.com.au/", "notes": "Found via OpenStreetMap Overpass", "sales_category": "other", "sales_category_label": "Uncategorised / other", "sales_category_reason": "other:noise"}}, {"type": "Feature", "geometry": {"type": "Point", "coordinates": [145.1275763, -37.8761151]}, "properties": {"id": "253c114d0eb18feb", "name": "Deli'sh @ Hamilton", "address": "17 Hamilton Place VIC", "suburb": "", "postcode": "", "section_id": "outer-east", "category": "deli", "priority": "medium", "status": "prospect", "phone": "", "website": "", "notes": "Found via OpenStreetMap Overpass", "sales_category": "western_premium", "sales_category_label": "Western premium / independent", "sales_category_reason": "heuristic:indie_deli"}}, {"type": "Feature", "geometry": {"type": "Point", "coordinates": [145.1220013, -37.8196697]}, "properties": {"id": "2bf3fb8209c82d9d", "name": "Emperor Nutrition", "address": "VIC", "suburb": "", "postcode": "", "section_id": "outer-east", "category": "health food", "priority": "medium", "status": "prospect", "phone": "", "website": "", "notes": "Found via OpenStreetMap Overpass", "sales_category": "western_premium", "sales_category_label": "Western premium / independent", "sales_category_reason": "heuristic:western"}}, {"type": "Feature", "geometry": {"type": "Point", "coordinates": [145.1121821, -37.7727342]}, "properties": {"id": "9679d66b0c0e2b06", "name": "Fayze's Fruit & Veg Macedon Square", "address": "VIC", "suburb": "", "postcode": "", "section_id": "outer-east", "category": "greengrocer", "priority": "medium", "status": "prospect", "phone": "", "website": "", "notes": "Found via OpenStreetMap Overpass", "sales_category": "other", "sales_category_label": "Uncategorised / other", "sales_category_reason": "other:produce"}}, {"type": "Feature", "geometry": {"type": "Point", "coordinates": [145.1201265, -37.8184934]}, "properties": {"id": "3002abc996af2b8c", "name": "Fruit Life", "address": "VIC", "suburb": "", "postcode": "", "section_id": "outer-east", "category": "greengrocer", "priority": "medium", "status": "prospect", "phone": "", "website": "", "notes": "Found via OpenStreetMap Overpass", "sales_category": "other", "sales_category_label": "Uncategorised / other", "sales_category_reason": "other:produce"}}, {"type": "Feature", "geometry": {"type": "Point", "coordinates": [145.1140303, -37.7731263]}, "properties": {"id": "968e30268c909201", "name": "Fruit Star Fruits & Vegetables", "address": "325 Manningham Road VIC", "suburb": "", "postcode": "", "section_id": "outer-east", "category": "greengrocer", "priority": "medium", "status": "prospect", "phone": "", "website": "", "notes": "Found via OpenStreetMap Overpass", "sales_category": "other", "sales_category_label": "Uncategorised / other", "sales_category_reason": "other:produce"}}, {"type": "Feature", "geometry": {"type": "Point", "coordinates": [145.0825, -37.8875]}, "properties": {"id": "ff6f9d548c380ba9", "name": "Gewürzhaus Chadstone", "address": "Chadstone Shopping Centre, Chadstone VIC 3148", "suburb": "Chadstone", "postcode": "3148", "section_id": "outer-east", "category": "spice shop", "priority": "medium", "status": "prospect", "phone": "", "website": "https://www.gewurzhaus.com.au", "notes": "Premium spice retailer", "sales_category": "western_premium", "sales_category_label": "Western premium / independent", "sales_category_reason": "override:gewürzhaus"}}, {"type": "Feature", "geometry": {"type": "Point", "coordinates": [145.2035448, -37.8762127]}, "properties": {"id": "580e6ff7276af4d7", "name": "Ginni Market", "address": "VIC", "suburb": "", "postcode": "", "section_id": "outer-east", "category": "greengrocer", "priority": "medium", "status": "prospect", "phone": "", "website": "http://www.ginni.com.au/", "notes": "Found via OpenStreetMap Overpass", "sales_category": "other", "sales_category_label": "Uncategorised / other", "sales_category_reason": "other:greengrocer"}}, {"type": "Feature", "geometry": {"type": "Point", "coordinates": [145.1215, -37.8195]}, "properties": {"id": "2efc9768045085f6", "name": "Go Vita / health food cluster Box Hill", "address": "Station Street precinct, Box Hill VIC 3128", "suburb": "Box Hill", "postcode": "3128", "section_id": "outer-east", "category": "health food store", "priority": "medium", "status": "prospect", "phone": "", "website": "", "notes": "Confirm current Go Vita / independents on visit", "sales_category": "health_chains", "sales_category_label": "Health / vitamin chains", "sales_category_reason": "override:go vita"}}, {"type": "Feature", "geometry": {"type": "Point", "coordinates": [145.1618125, -37.9058565]}, "properties": {"id": "773568c243019292", "name": "Gof's Fresh Produce", "address": "VIC", "suburb": "", "postcode": "", "section_id": "outer-east", "category": "greengrocer", "priority": "medium", "status": "prospect", "phone": "", "website": "", "notes": "Found via OpenStreetMap Overpass", "sales_category": "other", "sales_category_label": "Uncategorised / other", "sales_category_reason": "other:produce"}}, {"type": "Feature", "geometry": {"type": "Point", "coordinates": [145.1711871, -37.7915141]}, "properties": {"id": "b8420cdb5b0766d8", "name": "Great Earth Super Discount Health Shop", "address": "VIC", "suburb": "", "postcode": "", "section_id": "outer-east", "category": "health food", "priority": "medium", "status": "prospect", "phone": "", "website": "", "notes": "Found via OpenStreetMap Overpass", "sales_category": "western_premium", "sales_category_label": "Western premium / independent", "sales_category_reason": "heuristic:western"}}, {"type": "Feature", "geometry": {"type": "Point", "coordinates": [145.2688605, -37.7837743]}, "properties": {"id": "7bba3915815adf46", "name": "Health Food Thyme", "address": "12-14 McAdam Square Croydon VIC 3136", "suburb": "Croydon", "postcode": "3136", "section_id": "outer-east", "category": "health food", "priority": "medium", "status": "prospect", "phone": "+61 3 9725 9907", "website": "http://www.healthfoodthyme.com.au/", "notes": "Found via OpenStreetMap Overpass", "sales_category": "western_premium", "sales_category_label": "Western premium / independent", "sales_category_reason": "heuristic:western"}}, {"type": "Feature", "geometry": {"type": "Point", "coordinates": [145.0835, -37.8868]}, "properties": {"id": "a3442dc1ae164f50", "name": "Healthy Life Chadstone", "address": "Chadstone Shopping Centre, Chadstone VIC 3148", "suburb": "Chadstone", "postcode": "3148", "section_id": "outer-east", "category": "health food store", "priority": "medium", "status": "prospect", "phone": "", "website": "", "notes": "Health food retailer", "sales_category": "health_chains", "sales_category_label": "Health / vitamin chains", "sales_category_reason": "override:healthy life"}}, {"type": "Feature", "geometry": {"type": "Point", "coordinates": [145.2380245, -37.8245907]}, "properties": {"id": "fa18a0a621a7d59e", "name": "Heathmont Farmers Market", "address": "VIC", "suburb": "", "postcode": "", "section_id": "outer-east", "category": "marketplace", "priority": "medium", "status": "prospect", "phone": "", "website": "", "notes": "Found via OpenStreetMap Overpass", "sales_category": "other", "sales_category_label": "Uncategorised / other", "sales_category_reason": "other:produce"}}, {"type": "Feature", "geometry": {"type": "Point", "coordinates": [145.2463224, -37.8288798]}, "properties": {"id": "ceef5f1dc5db2aa1", "name": "Just Healthy", "address": "164 Canterbury Road Heathmont VIC 3135", "suburb": "Heathmont", "postcode": "3135", "section_id": "outer-east", "category": "health food", "priority": "medium", "status": "prospect", "phone": "+61 3 9729 5028", "website": "https://m.facebook.com/pages/Just-Healthy-Foods-Therapies/1374991259402999", "notes": "Found via OpenStreetMap Overpass", "sales_category": "western_premium", "sales_category_label": "Western premium / independent", "sales_category_reason": "heuristic:western"}}, {"type": "Feature", "geometry": {"type": "Point", "coordinates": [145.2356995, -37.7943878]}, "properties": {"id": "b95927d2a96373b2", "name": "Kennedy's Deli and Fine Foods", "address": "202 Warrandyte Road VIC", "suburb": "", "postcode": "", "section_id": "outer-east", "category": "deli", "priority": "medium", "status": "prospect", "phone": "+61 407 607 460", "website": "", "notes": "Found via OpenStreetMap Overpass", "sales_category": "western_premium", "sales_category_label": "Western premium / independent", "sales_category_reason": "heuristic:specialty_deli"}}, {"type": "Feature", "geometry": {"type": "Point", "coordinates": [145.177987, -37.8758749]}, "properties": {"id": "e2174da59b2a776f", "name": "Kerrie Road Fruit Market", "address": "VIC", "suburb": "", "postcode": "", "section_id": "outer-east", "category": "greengrocer", "priority": "medium", "status": "prospect", "phone": "+61 3 9886 7107", "website": "", "notes": "Found via OpenStreetMap Overpass", "sales_category": "other", "sales_category_label": "Uncategorised / other", "sales_category_reason": "other:produce"}}, {"type": "Feature", "geometry": {"type": "Point", "coordinates": [145.1349025, -37.819096]}, "properties": {"id": "04fd45080a896749", "name": "Kwan's Dim Sim", "address": "VIC", "suburb": "", "postcode": "", "section_id": "outer-east", "category": "deli", "priority": "medium", "status": "prospect", "phone": "", "website": "", "notes": "Found via OpenStreetMap Overpass", "sales_category": "other", "sales_category_label": "Uncategorised / other", "sales_category_reason": "other:fallback"}}, {"type": "Feature", "geometry": {"type": "Point", "coordinates": [145.1378305, -37.8127834]}, "properties": {"id": "91547a8e300642cf", "name": "Little Super Girl", "address": "58 Lexton Road Box Hill North VIC 3129", "suburb": "Box Hill North", "postcode": "3129", "section_id": "outer-east", "category": "deli", "priority": "medium", "status": "prospect", "phone": "", "website": "", "notes": "Found via OpenStreetMap Overpass", "sales_category": "other", "sales_category_label": "Uncategorised / other", "sales_category_reason": "other:fallback"}}, {"type": "Feature", "geometry": {"type": "Point", "coordinates": [145.1122183, -37.772572]}, "properties": {"id": "741b894e81ded310", "name": "Macedon Fresh Fruit & Veg", "address": "VIC", "suburb": "", "postcode": "", "section_id": "outer-east", "category": "greengrocer", "priority": "medium", "status": "prospect", "phone": "", "website": "", "notes": "Found via OpenStreetMap Overpass", "sales_category": "other", "sales_category_label": "Uncategorised / other", "sales_category_reason": "other:produce"}}, {"type": "Feature", "geometry": {"type": "Point", "coordinates": [145.1432494, -37.8915149]}, "properties": {"id": "c5e4e5ec5e1fd3fb", "name": "Marketa & Co", "address": "VIC", "suburb": "", "postcode": "", "section_id": "outer-east", "category": "greengrocer", "priority": "medium", "status": "prospect", "phone": "", "website": "", "notes": "Found via OpenStreetMap Overpass", "sales_category": "other", "sales_category_label": "Uncategorised / other", "sales_category_reason": "other:greengrocer"}}, {"type": "Feature", "geometry": {"type": "Point", "coordinates": [145.148345, -37.9178673]}, "properties": {"id": "5a4d07686a5c3c8d", "name": "Middy's", "address": "VIC", "suburb": "", "postcode": "", "section_id": "outer-east", "category": "wholesale", "priority": "medium", "status": "prospect", "phone": "", "website": "", "notes": "Found via OpenStreetMap Overpass", "sales_category": "other", "sales_category_label": "Uncategorised / other", "sales_category_reason": "other:noise"}}, {"type": "Feature", "geometry": {"type": "Point", "coordinates": [145.149045, -37.7888175]}, "properties": {"id": "64b21361982eef46", "name": "Mirabella Bros Fruit Market", "address": "54 Jackson Court VIC", "suburb": "", "postcode": "", "section_id": "outer-east", "category": "greengrocer", "priority": "medium", "status": "prospect", "phone": "+61 3 9848 8770", "website": "https://mirabellasfresh.com.au", "notes": "Found via OpenStreetMap Overpass", "sales_category": "other", "sales_category_label": "Uncategorised / other", "sales_category_reason": "other:produce"}}, {"type": "Feature", "geometry": {"type": "Point", "coordinates": [145.236077, -37.7944195]}, "properties": {"id": "2232fc6bf27ba9e9", "name": "North Ringwood Fruit Market", "address": "204-206 Warrandyte Road Ringwood North VIC 3134", "suburb": "Ringwood North", "postcode": "3134", "section_id": "outer-east", "category": "greengrocer", "priority": "medium", "status": "prospect", "phone": "+61 449 714 115", "website": "", "notes": "Found via OpenStreetMap Overpass", "sales_category": "other", "sales_category_label": "Uncategorised / other", "sales_category_reason": "other:produce"}}, {"type": "Feature", "geometry": {"type": "Point", "coordinates": [145.1484415, -37.7887284]}, "properties": {"id": "667d28f148cacbe0", "name": "Olympus Delicatessen", "address": "72 Jackson Court VIC", "suburb": "", "postcode": "", "section_id": "outer-east", "category": "deli", "priority": "medium", "status": "prospect", "phone": "+61 3 9848 5217", "website": "https://www.olympusdeli.elocal.com.au", "notes": "Found via OpenStreetMap Overpass", "sales_category": "western_premium", "sales_category_label": "Western premium / independent", "sales_category_reason": "heuristic:western"}}, {"type": "Feature", "geometry": {"type": "Point", "coordinates": [145.2290809, -37.8122488]}, "properties": {"id": "fd9f361c6630e447", "name": "Omed Fresh Market", "address": "171-175 Maroondah Highway Ringwood VIC 3134", "suburb": "Ringwood", "postcode": "3134", "section_id": "outer-east", "category": "organic greengrocer", "priority": "medium", "status": "prospect", "phone": "+61 3 9870 5346", "website": "", "notes": "Found via OpenStreetMap Overpass", "sales_category": "western_premium", "sales_category_label": "Western premium / independent", "sales_category_reason": "heuristic:western"}}, {"type": "Feature", "geometry": {"type": "Point", "coordinates": [145.1378855, -37.8953916]}, "properties": {"id": "81105542c83099d7", "name": "Plant Factory", "address": "62-66 Ricketts Road VIC 3149", "suburb": "", "postcode": "3149", "section_id": "outer-east", "category": "greengrocer", "priority": "medium", "status": "prospect", "phone": "", "website": "https://plantfactory.com.au", "notes": "Found via OpenStreetMap Overpass", "sales_category": "other", "sales_category_label": "Uncategorised / other", "sales_category_reason": "other:greengrocer"}}, {"type": "Feature", "geometry": {"type": "Point", "coordinates": [145.2482463, -37.8139884]}, "properties": {"id": "d35875b950fe78b4", "name": "Ringwood East Community Market", "address": "Ringwood East VIC 3135", "suburb": "Ringwood East", "postcode": "3135", "section_id": "outer-east", "category": "marketplace", "priority": "medium", "status": "prospect", "phone": "+61 492 897 437", "website": "", "notes": "Found via OpenStreetMap Overpass", "sales_category": "other", "sales_category_label": "Uncategorised / other", "sales_category_reason": "other:market"}}, {"type": "Feature", "geometry": {"type": "Point", "coordinates": [145.222691, -37.8157749]}, "properties": {"id": "0ba06336d9fa0915", "name": "Ringwood Fresh Green Grocer", "address": "VIC", "suburb": "", "postcode": "", "section_id": "outer-east", "category": "greengrocer", "priority": "medium", "status": "prospect", "phone": "", "website": "", "notes": "Found via OpenStreetMap Overpass", "sales_category": "western_premium", "sales_category_label": "Western premium / independent", "sales_category_reason": "heuristic:western"}}, {"type": "Feature", "geometry": {"type": "Point", "coordinates": [145.153073, -37.8114463]}, "properties": {"id": "0456ffdc1ff8e9db", "name": "Sacca's Fine Foods", "address": "VIC", "suburb": "", "postcode": "", "section_id": "outer-east", "category": "organic greengrocer", "priority": "medium", "status": "prospect", "phone": "+61 3 9334 2508", "website": "https://www.saccas.com.au/", "notes": "Found via OpenStreetMap Overpass", "sales_category": "western_premium", "sales_category_label": "Western premium / independent", "sales_category_reason": "heuristic:western"}}, {"type": "Feature", "geometry": {"type": "Point", "coordinates": [145.1275579, -37.8761786]}, "properties": {"id": "e00ce65cd6a94fc7", "name": "Sam's Fruit World", "address": "VIC", "suburb": "", "postcode": "", "section_id": "outer-east", "category": "greengrocer", "priority": "medium", "status": "prospect", "phone": "", "website": "", "notes": "Found via OpenStreetMap Overpass", "sales_category": "other", "sales_category_label": "Uncategorised / other", "sales_category_reason": "other:produce"}}, {"type": "Feature", "geometry": {"type": "Point", "coordinates": [145.266826, -37.7901276]}, "properties": {"id": "dd0e881df47c6b16", "name": "The Full Pantry", "address": "66-68 Maroondah Highway Croydon VIC 3136", "suburb": "Croydon", "postcode": "3136", "section_id": "outer-east", "category": "health food", "priority": "medium", "status": "prospect", "phone": "+61 3 9723 7466", "website": "https://www.thefullpantry.com.au/", "notes": "Found via OpenStreetMap Overpass", "sales_category": "western_premium", "sales_category_label": "Western premium / independent", "sales_category_reason": "heuristic:western"}}, {"type": "Feature", "geometry": {"type": "Point", "coordinates": [145.1700224, -37.7907993]}, "properties": {"id": "39ed196800eed095", "name": "Tunstall Fresh", "address": "VIC", "suburb": "", "postcode": "", "section_id": "outer-east", "category": "greengrocer", "priority": "medium", "status": "prospect", "phone": "+61 3 9842 1820", "website": "https://tunstallfresh.com.au/", "notes": "Found via OpenStreetMap Overpass", "sales_category": "other", "sales_category_label": "Uncategorised / other", "sales_category_reason": "other:greengrocer"}}, {"type": "Feature", "geometry": {"type": "Point", "coordinates": [145.2108725, -37.740554]}, "properties": {"id": "f9483d9fa0a7de70", "name": "Warrandyte Riverside Market", "address": "Warrandyte VIC 3113", "suburb": "Warrandyte", "postcode": "3113", "section_id": "outer-east", "category": "marketplace", "priority": "medium", "status": "prospect", "phone": "", "website": "https://www.warrandyteriversidemarket.com.au/", "notes": "Found via OpenStreetMap Overpass", "sales_category": "other", "sales_category_label": "Uncategorised / other", "sales_category_reason": "other:market"}}, {"type": "Feature", "geometry": {"type": "Point", "coordinates": [145.2308637, -37.847719]}, "properties": {"id": "ea98901cd992caf2", "name": "Whole Living", "address": "322 Mountain Highway Wantirna VIC 3152", "suburb": "Wantirna", "postcode": "3152", "section_id": "outer-east", "category": "health food", "priority": "medium", "status": "prospect", "phone": "", "website": "", "notes": "Found via OpenStreetMap Overpass", "sales_category": "western_premium", "sales_category_label": "Western premium / independent", "sales_category_reason": "heuristic:western"}}, {"type": "Feature", "geometry": {"type": "Point", "coordinates": [145.1378483, -37.8126873]}, "properties": {"id": "e8812e795b77c3c2", "name": "Zhonghua Express", "address": "58 Lexton Road Box Hill North VIC 3129", "suburb": "Box Hill North", "postcode": "3129", "section_id": "outer-east", "category": "deli", "priority": "medium", "status": "prospect", "phone": "", "website": "", "notes": "Found via OpenStreetMap Overpass", "sales_category": "other", "sales_category_label": "Uncategorised / other", "sales_category_reason": "other:fallback"}}, {"type": "Feature", "geometry": {"type": "Point", "coordinates": [145.0320756, -37.9177676]}, "properties": {"id": "495271566db5f93b", "name": "Bentleigh Produce Store", "address": "284 Centre Road VIC", "suburb": "", "postcode": "", "section_id": "south-east", "category": "greengrocer", "priority": "medium", "status": "prospect", "phone": "", "website": "https://extrafreshbentleigh.com", "notes": "Found via OpenStreetMap Overpass", "sales_category": "other", "sales_category_label": "Uncategorised / other", "sales_category_reason": "other:greengrocer"}}, {"type": "Feature", "geometry": {"type": "Point", "coordinates": [144.9950114, -37.9147016]}, "properties": {"id": "dab41c2e8aadee72", "name": "Bright 'N' Fresh", "address": "VIC", "suburb": "", "postcode": "", "section_id": "south-east", "category": "greengrocer", "priority": "medium", "status": "prospect", "phone": "", "website": "", "notes": "Found via OpenStreetMap Overpass", "sales_category": "other", "sales_category_label": "Uncategorised / other", "sales_category_reason": "other:greengrocer"}}, {"type": "Feature", "geometry": {"type": "Point", "coordinates": [145.0387482, -37.9587577]}, "properties": {"id": "1adb2bd78df7dc50", "name": "COS - Cheltenham Organic Store", "address": "360 Reserve Road Cheltenham VIC 3192", "suburb": "Cheltenham", "postcode": "3192", "section_id": "south-east", "category": "greengrocer", "priority": "medium", "status": "prospect", "phone": "", "website": "https://cosorganics.com.au/", "notes": "Found via OpenStreetMap Overpass", "sales_category": "western_premium", "sales_category_label": "Western premium / independent", "sales_category_reason": "heuristic:western"}}, {"type": "Feature", "geometry": {"type": "Point", "coordinates": [145.0566713, -37.8882648]}, "properties": {"id": "df876c4c665c7039", "name": "Carnegie Fresh", "address": "VIC", "suburb": "", "postcode": "", "section_id": "south-east", "category": "greengrocer", "priority": "medium", "status": "prospect", "phone": "", "website": "", "notes": "Found via OpenStreetMap Overpass", "sales_category": "other", "sales_category_label": "Uncategorised / other", "sales_category_reason": "other:greengrocer"}}, {"type": "Feature", "geometry": {"type": "Point", "coordinates": [145.1188532, -37.9277077]}, "properties": {"id": "58a382fb81a23d4a", "name": "Clayton Road Deli", "address": "397 Clayton Road VIC", "suburb": "", "postcode": "", "section_id": "south-east", "category": "deli", "priority": "medium", "status": "prospect", "phone": "", "website": "", "notes": "Found via OpenStreetMap Overpass", "sales_category": "western_premium", "sales_category_label": "Western premium / independent", "sales_category_reason": "heuristic:indie_deli"}}, {"type": "Feature", "geometry": {"type": "Point", "coordinates": [145.0916227, -37.9001483]}, "properties": {"id": "364d23f1fb550612", "name": "Cosmos Deli", "address": "55 Portman Street VIC", "suburb": "", "postcode": "", "section_id": "south-east", "category": "deli", "priority": "medium", "status": "prospect", "phone": "", "website": "", "notes": "Found via OpenStreetMap Overpass", "sales_category": "western_premium", "sales_category_label": "Western premium / independent", "sales_category_reason": "heuristic:indie_deli"}}, {"type": "Feature", "geometry": {"type": "Point", "coordinates": [145.1082933, -37.9765203]}, "properties": {"id": "fb488d67edd72991", "name": "Costco", "address": "8 Chifley Drive VIC", "suburb": "", "postcode": "", "section_id": "south-east", "category": "wholesale", "priority": "medium", "status": "prospect", "phone": "+61 3 9552 7700", "website": "https://www.costco.com.au", "notes": "Found via OpenStreetMap Overpass", "sales_category": "other", "sales_category_label": "Uncategorised / other", "sales_category_reason": "other:noise"}}, {"type": "Feature", "geometry": {"type": "Point", "coordinates": [145.0871431, -38.0069867]}, "properties": {"id": "ffe7685902a3a93d", "name": "Davine Quality Fruit", "address": "507 Main Street Mordialloc VIC 3195", "suburb": "Mordialloc", "postcode": "3195", "section_id": "south-east", "category": "greengrocer", "priority": "medium", "status": "prospect", "phone": "+61 3 9588 2133", "website": "", "notes": "Found via OpenStreetMap Overpass", "sales_category": "other", "sales_category_label": "Uncategorised / other", "sales_category_reason": "other:produce"}}, {"type": "Feature", "geometry": {"type": "Point", "coordinates": [145.0050605, -37.8847181]}, "properties": {"id": "93322c474f6e89db", "name": "Dirito's Quality Fruits", "address": "399 Glen Huntly Road VIC", "suburb": "", "postcode": "", "section_id": "south-east", "category": "greengrocer", "priority": "medium", "status": "prospect", "phone": "", "website": "", "notes": "Found via OpenStreetMap Overpass", "sales_category": "other", "sales_category_label": "Uncategorised / other", "sales_category_reason": "other:greengrocer"}}, {"type": "Feature", "geometry": {"type": "Point", "coordinates": [145.0412576, -37.9185543]}, "properties": {"id": "9b93043828dbac11", "name": "Fine Gourmet Deli", "address": "465 Centre Road Bentleigh VIC 3204", "suburb": "Bentleigh", "postcode": "3204", "section_id": "south-east", "category": "deli", "priority": "medium", "status": "prospect", "phone": "", "website": "", "notes": "Found via OpenStreetMap Overpass", "sales_category": "western_premium", "sales_category_label": "Western premium / independent", "sales_category_reason": "heuristic:western"}}, {"type": "Feature", "geometry": {"type": "Point", "coordinates": [145.0914104, -37.8987682]}, "properties": {"id": "edd3a95df026a1ec", "name": "Fruit Barn", "address": "VIC", "suburb": "", "postcode": "", "section_id": "south-east", "category": "greengrocer", "priority": "medium", "status": "prospect", "phone": "", "website": "", "notes": "Found via OpenStreetMap Overpass", "sales_category": "other", "sales_category_label": "Uncategorised / other", "sales_category_reason": "other:produce"}}, {"type": "Feature", "geometry": {"type": "Point", "coordinates": [145.1192045, -37.926602]}, "properties": {"id": "71dcb0718f70cb0e", "name": "Fruit Mart", "address": "VIC", "suburb": "", "postcode": "", "section_id": "south-east", "category": "greengrocer", "priority": "medium", "status": "prospect", "phone": "", "website": "", "notes": "Found via OpenStreetMap Overpass", "sales_category": "other", "sales_category_label": "Uncategorised / other", "sales_category_reason": "other:produce"}}, {"type": "Feature", "geometry": {"type": "Point", "coordinates": [145.0038265, -37.905533]}, "properties": {"id": "55267a97d727ed33", "name": "Fruit Specialists", "address": "VIC", "suburb": "", "postcode": "", "section_id": "south-east", "category": "greengrocer", "priority": "medium", "status": "prospect", "phone": "", "website": "", "notes": "Found via OpenStreetMap Overpass", "sales_category": "other", "sales_category_label": "Uncategorised / other", "sales_category_reason": "other:produce"}}, {"type": "Feature", "geometry": {"type": "Point", "coordinates": [145.0549022, -37.9588236]}, "properties": {"id": "26e9af8f074d7fb9", "name": "Go Vita", "address": "VIC", "suburb": "", "postcode": "", "section_id": "south-east", "category": "health food", "priority": "medium", "status": "prospect", "phone": "+61 3 9583 5306", "website": "", "notes": "Found via OpenStreetMap Overpass", "sales_category": "health_chains", "sales_category_label": "Health / vitamin chains", "sales_category_reason": "override:go vita"}}, {"type": "Feature", "geometry": {"type": "Point", "coordinates": [144.9949513, -37.8958615]}, "properties": {"id": "fecca5e91569dee6", "name": "Gum Tree Good Food", "address": "422 New Street VIC", "suburb": "", "postcode": "", "section_id": "south-east", "category": "health food", "priority": "medium", "status": "prospect", "phone": "", "website": "", "notes": "Found via OpenStreetMap Overpass", "sales_category": "western_premium", "sales_category_label": "Western premium / independent", "sales_category_reason": "heuristic:western"}}, {"type": "Feature", "geometry": {"type": "Point", "coordinates": [145.1152538, -37.9282776]}, "properties": {"id": "cea7ff7ccd8fdf72", "name": "Harry's Factory Outlet", "address": "1292 Centre Road VIC", "suburb": "", "postcode": "", "section_id": "south-east", "category": "deli", "priority": "medium", "status": "prospect", "phone": "", "website": "", "notes": "Found via OpenStreetMap Overpass", "sales_category": "other", "sales_category_label": "Uncategorised / other", "sales_category_reason": "other:fallback"}}, {"type": "Feature", "geometry": {"type": "Point", "coordinates": [145.0037169, -37.8972236]}, "properties": {"id": "dac18b64aefca917", "name": "House of Bread and Pastries", "address": "155 Martin Street VIC", "suburb": "", "postcode": "", "section_id": "south-east", "category": "deli", "priority": "medium", "status": "prospect", "phone": "", "website": "", "notes": "Found via OpenStreetMap Overpass", "sales_category": "other", "sales_category_label": "Uncategorised / other", "sales_category_reason": "other:fallback"}}, {"type": "Feature", "geometry": {"type": "Point", "coordinates": [145.0909158, -37.9708829]}, "properties": {"id": "b44b4ee00d48beff", "name": "Kingston Food Hangar", "address": "288 Centre Dandenong Road VIC", "suburb": "", "postcode": "", "section_id": "south-east", "category": "greengrocer", "priority": "medium", "status": "prospect", "phone": "", "website": "https://www.facebook.com/people/Kingston-Food-Hangar/100075981036940/", "notes": "Found via OpenStreetMap Overpass", "sales_category": "other", "sales_category_label": "Uncategorised / other", "sales_category_reason": "other:greengrocer"}}, {"type": "Feature", "geometry": {"type": "Point", "coordinates": [145.0647304, -37.9835951]}, "properties": {"id": "2b87f69ad57ca9c5", "name": "Mediterranean Pantry", "address": "VIC", "suburb": "", "postcode": "", "section_id": "south-east", "category": "deli", "priority": "medium", "status": "prospect", "phone": "", "website": "", "notes": "Found via OpenStreetMap Overpass", "sales_category": "western_premium", "sales_category_label": "Western premium / independent", "sales_category_reason": "heuristic:western"}}, {"type": "Feature", "geometry": {"type": "Point", "coordinates": [145.0335895, -37.986258]}, "properties": {"id": "f3d5ca48193ef4c3", "name": "Merchant", "address": "VIC", "suburb": "", "postcode": "", "section_id": "south-east", "category": "greengrocer", "priority": "medium", "status": "prospect", "phone": "", "website": "", "notes": "Found via OpenStreetMap Overpass", "sales_category": "other", "sales_category_label": "Uncategorised / other", "sales_category_reason": "other:greengrocer"}}, {"type": "Feature", "geometry": {"type": "Point", "coordinates": [145.0337862, -37.9179348]}, "properties": {"id": "ef95e13a65a712dc", "name": "Milo's deli", "address": "328 center rd VIC", "suburb": "", "postcode": "", "section_id": "south-east", "category": "deli", "priority": "medium", "status": "prospect", "phone": "", "website": "", "notes": "Found via OpenStreetMap Overpass", "sales_category": "western_premium", "sales_category_label": "Western premium / independent", "sales_category_reason": "heuristic:indie_deli"}}, {"type": "Feature", "geometry": {"type": "Point", "coordinates": [145.1194456, -37.9253486]}, "properties": {"id": "4904f3d616d1fbcb", "name": "Nutsmart", "address": "343 Clayton Road VIC", "suburb": "", "postcode": "", "section_id": "south-east", "category": "deli", "priority": "medium", "status": "prospect", "phone": "", "website": "", "notes": "Found via OpenStreetMap Overpass", "sales_category": "other", "sales_category_label": "Uncategorised / other", "sales_category_reason": "other:fallback"}}, {"type": "Feature", "geometry": {"type": "Point", "coordinates": [145.0890966, -37.8995185]}, "properties": {"id": "0dd1dd199cab7026", "name": "Oakleigh Fruit Market", "address": "VIC", "suburb": "", "postcode": "", "section_id": "south-east", "category": "greengrocer", "priority": "medium", "status": "prospect", "phone": "", "website": "", "notes": "Found via OpenStreetMap Overpass", "sales_category": "other", "sales_category_label": "Uncategorised / other", "sales_category_reason": "other:produce"}}, {"type": "Feature", "geometry": {"type": "Point", "coordinates": [145.0885, -37.8995]}, "properties": {"id": "261ecce809c46bb9", "name": "Oakleigh Greek & specialty food strip", "address": "Eaton Mall / Atherton Road, Oakleigh VIC 3166", "suburb": "Oakleigh", "postcode": "3166", "section_id": "south-east", "category": "specialty foods strip", "priority": "medium", "status": "prospect", "phone": "", "website": "", "notes": "Specialty Mediterranean foods", "sales_category": "western_premium", "sales_category_label": "Western premium / independent", "sales_category_reason": "override:oakleigh greek"}}, {"type": "Feature", "geometry": {"type": "Point", "coordinates": [145.0892318, -37.8997248]}, "properties": {"id": "9fa4a35f53a7dadd", "name": "Oakleigh Market", "address": "12 Chester Street VIC", "suburb": "", "postcode": "", "section_id": "south-east", "category": "marketplace", "priority": "medium", "status": "prospect", "phone": "", "website": "", "notes": "Found via OpenStreetMap Overpass", "sales_category": "other", "sales_category_label": "Uncategorised / other", "sales_category_reason": "other:market"}}, {"type": "Feature", "geometry": {"type": "Point", "coordinates": [145.0865249, -37.9008601]}, "properties": {"id": "75735c1be338a773", "name": "Oakleigh Produce Store", "address": "VIC", "suburb": "", "postcode": "", "section_id": "south-east", "category": "greengrocer", "priority": "medium", "status": "prospect", "phone": "", "website": "", "notes": "Found via OpenStreetMap Overpass", "sales_category": "other", "sales_category_label": "Uncategorised / other", "sales_category_reason": "other:greengrocer"}}, {"type": "Feature", "geometry": {"type": "Point", "coordinates": [145.0570333, -37.8881617]}, "properties": {"id": "87bdebce5fcb58ab", "name": "Russian Tidbits", "address": "113 Koornang Road VIC", "suburb": "", "postcode": "", "section_id": "south-east", "category": "deli", "priority": "medium", "status": "prospect", "phone": "", "website": "", "notes": "Found via OpenStreetMap Overpass", "sales_category": "other", "sales_category_label": "Uncategorised / other", "sales_category_reason": "other:fallback"}}, {"type": "Feature", "geometry": {"type": "Point", "coordinates": [145.003592, -37.9495805]}, "properties": {"id": "49f3ec098446b710", "name": "Sandringham Fruit Market", "address": "22 Waltham Street Sandringham VIC", "suburb": "Sandringham", "postcode": "", "section_id": "south-east", "category": "greengrocer", "priority": "medium", "status": "prospect", "phone": "+61 3 9598 3340", "website": "", "notes": "Found via OpenStreetMap Overpass", "sales_category": "other", "sales_category_label": "Uncategorised / other", "sales_category_reason": "other:produce"}}, {"type": "Feature", "geometry": {"type": "Point", "coordinates": [145.0678261, -37.942006]}, "properties": {"id": "b8c8d599676070f7", "name": "Schutties Fasteners Pty LTd", "address": "10 Bignell Road VIC", "suburb": "", "postcode": "", "section_id": "south-east", "category": "wholesale", "priority": "medium", "status": "prospect", "phone": "+61 3 9553 2032", "website": "https://schuttiesfasteners.com.au/", "notes": "Found via OpenStreetMap Overpass", "sales_category": "other", "sales_category_label": "Uncategorised / other", "sales_category_reason": "other:fallback"}}, {"type": "Feature", "geometry": {"type": "Point", "coordinates": [145.0641654, -37.9814918]}, "properties": {"id": "358dd62dd663d36e", "name": "Scicluna's", "address": "VIC", "suburb": "", "postcode": "", "section_id": "south-east", "category": "greengrocer", "priority": "medium", "status": "prospect", "phone": "", "website": "", "notes": "Found via OpenStreetMap Overpass", "sales_category": "other", "sales_category_label": "Uncategorised / other", "sales_category_reason": "other:greengrocer"}}, {"type": "Feature", "geometry": {"type": "Point", "coordinates": [145.085285, -37.9834544]}, "properties": {"id": "0006e767a81213dd", "name": "Simply Gluten Free", "address": "123 Lower Dandenong Road VIC", "suburb": "", "postcode": "", "section_id": "south-east", "category": "health food", "priority": "medium", "status": "prospect", "phone": "", "website": "", "notes": "Found via OpenStreetMap Overpass", "sales_category": "western_premium", "sales_category_label": "Western premium / independent", "sales_category_reason": "heuristic:western"}}, {"type": "Feature", "geometry": {"type": "Point", "coordinates": [145.1036976, -37.9081726]}, "properties": {"id": "17544e76729b4a84", "name": "Swedish Prestige", "address": "255 Huntingdale Road VIC", "suburb": "", "postcode": "", "section_id": "south-east", "category": "wholesale", "priority": "medium", "status": "prospect", "phone": "", "website": "", "notes": "Found via OpenStreetMap Overpass", "sales_category": "other", "sales_category_label": "Uncategorised / other", "sales_category_reason": "other:fallback"}}, {"type": "Feature", "geometry": {"type": "Point", "coordinates": [145.1036485, -37.9083268]}, "properties": {"id": "d4a7992d90b8ee33", "name": "The Fastener Factory", "address": "257 Huntingdale Road VIC", "suburb": "", "postcode": "", "section_id": "south-east", "category": "wholesale", "priority": "medium", "status": "prospect", "phone": "", "website": "", "notes": "Found via OpenStreetMap Overpass", "sales_category": "other", "sales_category_label": "Uncategorised / other", "sales_category_reason": "other:fallback"}}, {"type": "Feature", "geometry": {"type": "Point", "coordinates": [144.9880413, -37.8854858]}, "properties": {"id": "f33efe4df67fcc18", "name": "The Leaf Store", "address": "111 Ormond Road Elwood VIC 3184", "suburb": "Elwood", "postcode": "3184", "section_id": "south-east", "category": "organic greengrocer", "priority": "medium", "status": "prospect", "phone": "", "website": "https://theleafstore.com.au/", "notes": "Found via OpenStreetMap Overpass", "sales_category": "western_premium", "sales_category_label": "Western premium / independent", "sales_category_reason": "heuristic:western"}}, {"type": "Feature", "geometry": {"type": "Point", "coordinates": [145.0228369, -37.8868637]}, "properties": {"id": "4744084a8247a4cd", "name": "The Shook", "address": "819 Glen Huntly Road VIC", "suburb": "", "postcode": "", "section_id": "south-east", "category": "deli", "priority": "medium", "status": "prospect", "phone": "", "website": "", "notes": "Found via OpenStreetMap Overpass", "sales_category": "other", "sales_category_label": "Uncategorised / other", "sales_category_reason": "other:fallback"}}, {"type": "Feature", "geometry": {"type": "Point", "coordinates": [144.9985, -37.9075]}, "properties": {"id": "44e42cefe8e08c4b", "name": "The Source Bulk Foods Brighton", "address": "265 Bay Street, Brighton VIC 3186", "suburb": "Brighton", "postcode": "3186", "section_id": "south-east", "category": "bulk / wholefoods", "priority": "medium", "status": "prospect", "phone": "", "website": "https://www.thesourcebulkfoods.com.au", "notes": "Bayside wholefoods", "sales_category": "western_premium", "sales_category_label": "Western premium / independent", "sales_category_reason": "override:the source bulk"}}, {"type": "Feature", "geometry": {"type": "Point", "coordinates": [145.0942006, -37.8926895]}, "properties": {"id": "8d41ccb95c8fb81c", "name": "The WaterStop Shop", "address": "20 Dalgety Street Oakleigh VIC 3166", "suburb": "Oakleigh", "postcode": "3166", "section_id": "south-east", "category": "wholesale", "priority": "medium", "status": "prospect", "phone": "", "website": "https://waterstop.com.au/", "notes": "Found via OpenStreetMap Overpass", "sales_category": "other", "sales_category_label": "Uncategorised / other", "sales_category_reason": "other:fallback"}}, {"type": "Feature", "geometry": {"type": "Point", "coordinates": [145.0612491, -37.9359075]}, "properties": {"id": "60ade8101f4d3cc1", "name": "Wonder Fresh", "address": "293 Chesterville Road VIC 3165", "suburb": "", "postcode": "3165", "section_id": "south-east", "category": "greengrocer", "priority": "medium", "status": "prospect", "phone": "", "website": "wonderfresh.com.au", "notes": "Found via OpenStreetMap Overpass", "sales_category": "other", "sales_category_label": "Uncategorised / other", "sales_category_reason": "other:greengrocer"}}, {"type": "Feature", "geometry": {"type": "Point", "coordinates": [145.0233555, -37.8869284]}, "properties": {"id": "1bda486c5b815bb9", "name": "Yumorganics", "address": "VIC", "suburb": "", "postcode": "", "section_id": "south-east", "category": "greengrocer", "priority": "medium", "status": "prospect", "phone": "", "website": "", "notes": "Found via OpenStreetMap Overpass", "sales_category": "other", "sales_category_label": "Uncategorised / other", "sales_category_reason": "other:greengrocer"}}, {"type": "Feature", "geometry": {"type": "Point", "coordinates": [144.9995, -37.9115]}, "properties": {"id": "8f726e73815149a4", "name": "Brighton / Church Street gourmet strip", "address": "Church Street, Brighton VIC 3186", "suburb": "Brighton", "postcode": "3186", "section_id": "south-east", "category": "gourmet strip", "priority": "high", "status": "prospect", "phone": "", "website": "", "notes": "Premium bayside independents", "sales_category": "western_premium", "sales_category_label": "Western premium / independent", "sales_category_reason": "override:brighton / church"}}, {"type": "Feature", "geometry": {"type": "Point", "coordinates": [145.04, -37.92]}, "properties": {"id": "472b00fb35840b18", "name": "Patterson's Fresh (organics / specialty produce)", "address": "Verify current Melbourne locations on Maps", "suburb": "Melbourne", "postcode": "", "section_id": "south-east", "category": "organic / specialty produce", "priority": "high", "status": "prospect", "phone": "", "website": "", "notes": "Confirm storefronts during South East Maps sweep", "sales_category": "western_premium", "sales_category_label": "Western premium / independent", "sales_category_reason": "heuristic:western"}}, {"type": "Feature", "geometry": {"type": "Point", "coordinates": [145.04, -37.92]}, "properties": {"id": "f8e5214ccbc68168", "name": "Patterson's Organics", "address": "Greater Melbourne (verify current store locations)", "suburb": "", "postcode": "", "section_id": "south-east", "category": "organic grocery", "priority": "high", "status": "prospect", "phone": "", "website": "", "notes": "Organic retailer — confirm addresses during scan", "sales_category": "western_premium", "sales_category_label": "Western premium / independent", "sales_category_reason": "heuristic:western"}}, {"type": "Feature", "geometry": {"type": "Point", "coordinates": [144.8664241, -37.8303066]}, "properties": {"id": "270397b9627231a5", "name": "Amira Food Wholesaler", "address": "72 New Street VIC", "suburb": "", "postcode": "", "section_id": "west", "category": "wholesale", "priority": "medium", "status": "prospect", "phone": "", "website": "", "notes": "Found via OpenStreetMap Overpass", "sales_category": "other", "sales_category_label": "Uncategorised / other", "sales_category_reason": "other:fallback"}}, {"type": "Feature", "geometry": {"type": "Point", "coordinates": [144.899082, -37.7995901]}, "properties": {"id": "30bfe42c68f6cd4f", "name": "Ausin Health", "address": "VIC", "suburb": "", "postcode": "", "section_id": "west", "category": "health food", "priority": "medium", "status": "prospect", "phone": "", "website": "", "notes": "Found via OpenStreetMap Overpass", "sales_category": "western_premium", "sales_category_label": "Western premium / independent", "sales_category_reason": "heuristic:western"}}, {"type": "Feature", "geometry": {"type": "Point", "coordinates": [144.7606419, -37.8680368]}, "properties": {"id": "32550a0e6da43aae", "name": "BALTYK DELI & Co.", "address": "4 Neville Avenue Laverton VIC 3028", "suburb": "Laverton", "postcode": "3028", "section_id": "west", "category": "deli", "priority": "medium", "status": "prospect", "phone": "+61 3 9369 4739;+61 431 428 150", "website": "http://www.baltykdeli.com.au/", "notes": "Found via OpenStreetMap Overpass", "sales_category": "western_premium", "sales_category_label": "Western premium / independent", "sales_category_reason": "heuristic:indie_deli"}}, {"type": "Feature", "geometry": {"type": "Point", "coordinates": [144.9010202, -37.7988557]}, "properties": {"id": "672a80de8da559a3", "name": "Ba Lẹ", "address": "VIC", "suburb": "", "postcode": "", "section_id": "west", "category": "deli", "priority": "medium", "status": "prospect", "phone": "", "website": "", "notes": "Found via OpenStreetMap Overpass", "sales_category": "other", "sales_category_label": "Uncategorised / other", "sales_category_reason": "other:fallback"}}, {"type": "Feature", "geometry": {"type": "Point", "coordinates": [144.9155579, -37.7559108]}, "properties": {"id": "5e7fb6410e82d3d4", "name": "Backhaus", "address": "VIC", "suburb": "", "postcode": "", "section_id": "west", "category": "deli", "priority": "medium", "status": "prospect", "phone": "", "website": "", "notes": "Found via OpenStreetMap Overpass", "sales_category": "other", "sales_category_label": "Uncategorised / other", "sales_category_reason": "other:fallback"}}, {"type": "Feature", "geometry": {"type": "Point", "coordinates": [144.9096471, -37.7995764]}, "properties": {"id": "3b28bc128da29910", "name": "Backyard", "address": "VIC", "suburb": "", "postcode": "", "section_id": "west", "category": "greengrocer", "priority": "medium", "status": "prospect", "phone": "", "website": "", "notes": "Found via OpenStreetMap Overpass", "sales_category": "other", "sales_category_label": "Uncategorised / other", "sales_category_reason": "other:greengrocer"}}, {"type": "Feature", "geometry": {"type": "Point", "coordinates": [144.7990442, -37.7696917]}, "properties": {"id": "c715965d68eb3aab", "name": "Costco", "address": "VIC", "suburb": "", "postcode": "", "section_id": "west", "category": "wholesale", "priority": "medium", "status": "prospect", "phone": "", "website": "", "notes": "Found via OpenStreetMap Overpass", "sales_category": "other", "sales_category_label": "Uncategorised / other", "sales_category_reason": "other:noise"}}, {"type": "Feature", "geometry": {"type": "Point", "coordinates": [144.9002557, -37.7864235]}, "properties": {"id": "14368a7096df4ee5", "name": "Deli 4 You", "address": "VIC", "suburb": "", "postcode": "", "section_id": "west", "category": "deli", "priority": "medium", "status": "prospect", "phone": "", "website": "", "notes": "Found via OpenStreetMap Overpass", "sales_category": "western_premium", "sales_category_label": "Western premium / independent", "sales_category_reason": "heuristic:indie_deli"}}, {"type": "Feature", "geometry": {"type": "Point", "coordinates": [144.8913246, -37.8168159]}, "properties": {"id": "b76246829588b14f", "name": "Dominic's Fresh Fruit", "address": "VIC", "suburb": "", "postcode": "", "section_id": "west", "category": "greengrocer", "priority": "medium", "status": "prospect", "phone": "", "website": "", "notes": "Found via OpenStreetMap Overpass", "sales_category": "other", "sales_category_label": "Uncategorised / other", "sales_category_reason": "other:produce"}}, {"type": "Feature", "geometry": {"type": "Point", "coordinates": [144.8995, -37.8005]}, "properties": {"id": "2b095ce9095dcc51", "name": "Footscray Market", "address": "Leeds Street, Footscray VIC 3011", "suburb": "Footscray", "postcode": "3011", "section_id": "west", "category": "fresh food market", "priority": "medium", "status": "prospect", "phone": "", "website": "", "notes": "High spice / specialty stall density", "sales_category": "other", "sales_category_label": "Uncategorised / other", "sales_category_reason": "override:footscray market"}}, {"type": "Feature", "geometry": {"type": "Point", "coordinates": [144.9017886, -37.8010611]}, "properties": {"id": "91e38f22dfb6f222", "name": "Footscray Market Fresh Fruits & Veggies", "address": "VIC", "suburb": "", "postcode": "", "section_id": "west", "category": "greengrocer", "priority": "medium", "status": "prospect", "phone": "", "website": "", "notes": "Found via OpenStreetMap Overpass", "sales_category": "other", "sales_category_label": "Uncategorised / other", "sales_category_reason": "override:footscray market"}}, {"type": "Feature", "geometry": {"type": "Point", "coordinates": [144.8821938, -37.8172179]}, "properties": {"id": "98394cd76eeafba0", "name": "Fresh Market", "address": "1-3 High Street Yarraville VIC 3013", "suburb": "Yarraville", "postcode": "3013", "section_id": "west", "category": "greengrocer", "priority": "medium", "status": "prospect", "phone": "", "website": "", "notes": "Found via OpenStreetMap Overpass", "sales_category": "other", "sales_category_label": "Uncategorised / other", "sales_category_reason": "other:greengrocer"}}, {"type": "Feature", "geometry": {"type": "Point", "coordinates": [144.7757332, -37.8724133]}, "properties": {"id": "442bf6485982fbb3", "name": "Fruits of the Meadows", "address": "VIC", "suburb": "", "postcode": "", "section_id": "west", "category": "greengrocer", "priority": "medium", "status": "prospect", "phone": "", "website": "https://www.fruitsofthemeadows.com/", "notes": "Found via OpenStreetMap Overpass", "sales_category": "other", "sales_category_label": "Uncategorised / other", "sales_category_reason": "other:greengrocer"}}, {"type": "Feature", "geometry": {"type": "Point", "coordinates": [144.8324999, -37.7866049]}, "properties": {"id": "7eef0ab00c88ba6c", "name": "Gio Cha Kinh Do", "address": "11 Dickson Street Sunshine VIC 3020", "suburb": "Sunshine", "postcode": "3020", "section_id": "west", "category": "deli", "priority": "medium", "status": "prospect", "phone": "", "website": "", "notes": "Found via OpenStreetMap Overpass", "sales_category": "other", "sales_category_label": "Uncategorised / other", "sales_category_reason": "other:fallback"}}, {"type": "Feature", "geometry": {"type": "Point", "coordinates": [144.9012402, -37.800362]}, "properties": {"id": "57bd50570ec24dfe", "name": "Giò Chả Như Ý", "address": "VIC", "suburb": "", "postcode": "", "section_id": "west", "category": "deli", "priority": "medium", "status": "prospect", "phone": "", "website": "", "notes": "Found via OpenStreetMap Overpass", "sales_category": "other", "sales_category_label": "Uncategorised / other", "sales_category_reason": "other:fallback"}}, {"type": "Feature", "geometry": {"type": "Point", "coordinates": [144.9005, -37.7995]}, "properties": {"id": "25adbd51ce9d6e0e", "name": "Happy Valley Trading / Asian grocery Footscray", "address": "Hopkins Street precinct, Footscray VIC 3011", "suburb": "Footscray", "postcode": "3011", "section_id": "west", "category": "specialty grocery", "priority": "medium", "status": "prospect", "phone": "", "website": "", "notes": "West spice & specialty density", "sales_category": "asian", "sales_category_label": "Asian grocery", "sales_category_reason": "override:asian grocery"}}, {"type": "Feature", "geometry": {"type": "Point", "coordinates": [144.8342177, -37.8506107]}, "properties": {"id": "4b5b6792f3afebf9", "name": "Jinhang Lighting and Electrical Wholesale", "address": "1 Drake Boulevard Altona VIC 3018", "suburb": "Altona", "postcode": "3018", "section_id": "west", "category": "wholesale", "priority": "medium", "status": "prospect", "phone": "", "website": "https://www.jhmarket.com.au/", "notes": "Found via OpenStreetMap Overpass", "sales_category": "other", "sales_category_label": "Uncategorised / other", "sales_category_reason": "other:fallback"}}, {"type": "Feature", "geometry": {"type": "Point", "coordinates": [144.8983485, -37.8008916]}, "properties": {"id": "5deaef7bf736f7be", "name": "John’s Nuts", "address": "VIC", "suburb": "", "postcode": "", "section_id": "west", "category": "deli", "priority": "medium", "status": "prospect", "phone": "", "website": "", "notes": "Found via OpenStreetMap Overpass", "sales_category": "other", "sales_category_label": "Uncategorised / other", "sales_category_reason": "other:fallback"}}, {"type": "Feature", "geometry": {"type": "Point", "coordinates": [144.9155603, -37.7556403]}, "properties": {"id": "5f0f48dd37eeee86", "name": "Kennedy's Produce Store", "address": "VIC", "suburb": "", "postcode": "", "section_id": "west", "category": "deli", "priority": "medium", "status": "prospect", "phone": "", "website": "", "notes": "Found via OpenStreetMap Overpass", "sales_category": "other", "sales_category_label": "Uncategorised / other", "sales_category_reason": "other:fallback"}}, {"type": "Feature", "geometry": {"type": "Point", "coordinates": [144.8996396, -37.7985542]}, "properties": {"id": "7631b37800d4b90d", "name": "Koala Shop", "address": "62 Nicholson Street VIC", "suburb": "", "postcode": "", "section_id": "west", "category": "health food", "priority": "medium", "status": "prospect", "phone": "", "website": "", "notes": "Found via OpenStreetMap Overpass", "sales_category": "western_premium", "sales_category_label": "Western premium / independent", "sales_category_reason": "heuristic:western"}}, {"type": "Feature", "geometry": {"type": "Point", "coordinates": [144.9086971, -37.767974]}, "properties": {"id": "0ff72ded242da1a9", "name": "Lennox St Deli", "address": "130 Eglinton Road Moonee Ponds VIC 3039", "suburb": "Moonee Ponds", "postcode": "3039", "section_id": "west", "category": "deli", "priority": "medium", "status": "prospect", "phone": "+61 423 715 253", "website": "", "notes": "Found via OpenStreetMap Overpass", "sales_category": "western_premium", "sales_category_label": "Western premium / independent", "sales_category_reason": "heuristic:indie_deli"}}, {"type": "Feature", "geometry": {"type": "Point", "coordinates": [144.9020962, -37.8009466]}, "properties": {"id": "ba235e90dfe17a09", "name": "Lisa Fresh Fruit & Vegetables", "address": "VIC", "suburb": "", "postcode": "", "section_id": "west", "category": "greengrocer", "priority": "medium", "status": "prospect", "phone": "", "website": "", "notes": "Found via OpenStreetMap Overpass", "sales_category": "other", "sales_category_label": "Uncategorised / other", "sales_category_reason": "other:produce"}}, {"type": "Feature", "geometry": {"type": "Point", "coordinates": [144.7899457, -37.7582586]}, "properties": {"id": "dd3fef9ad1b295c0", "name": "Lovely Fresh", "address": "VIC", "suburb": "", "postcode": "", "section_id": "west", "category": "greengrocer", "priority": "medium", "status": "prospect", "phone": "", "website": "", "notes": "Found via OpenStreetMap Overpass", "sales_category": "other", "sales_category_label": "Uncategorised / other", "sales_category_reason": "other:greengrocer"}}, {"type": "Feature", "geometry": {"type": "Point", "coordinates": [144.9296391, -37.7942847]}, "properties": {"id": "de168ce555a7e490", "name": "Mamma's Grocers", "address": "VIC", "suburb": "", "postcode": "", "section_id": "west", "category": "greengrocer", "priority": "medium", "status": "prospect", "phone": "", "website": "", "notes": "Found via OpenStreetMap Overpass", "sales_category": "other", "sales_category_label": "Uncategorised / other", "sales_category_reason": "other:greengrocer"}}, {"type": "Feature", "geometry": {"type": "Point", "coordinates": [144.8149995, -37.7767343]}, "properties": {"id": "3b84ba51dc2f2b99", "name": "Mitko Deli", "address": "39 Perth Avenue Albion VIC 3020", "suburb": "Albion", "postcode": "3020", "section_id": "west", "category": "deli", "priority": "medium", "status": "prospect", "phone": "+61 3 9311 8490", "website": "https://mitkodeli.com", "notes": "Found via OpenStreetMap Overpass", "sales_category": "western_premium", "sales_category_label": "Western premium / independent", "sales_category_reason": "heuristic:indie_deli"}}, {"type": "Feature", "geometry": {"type": "Point", "coordinates": [144.8142153, -37.8069192]}, "properties": {"id": "ee92031e4b4b90bb", "name": "Mount Zero Olives", "address": "6 Law Court VIC", "suburb": "", "postcode": "", "section_id": "west", "category": "deli", "priority": "medium", "status": "prospect", "phone": "", "website": "https://mountzeroolives.com.au/", "notes": "Found via OpenStreetMap Overpass", "sales_category": "other", "sales_category_label": "Uncategorised / other", "sales_category_reason": "other:fallback"}}, {"type": "Feature", "geometry": {"type": "Point", "coordinates": [144.9367785, -37.7975154]}, "properties": {"id": "dcdf87d76146ecb1", "name": "Olsson's", "address": "15 Langford Street VIC", "suburb": "", "postcode": "", "section_id": "west", "category": "wholesale", "priority": "medium", "status": "prospect", "phone": "", "website": "", "notes": "Found via OpenStreetMap Overpass", "sales_category": "other", "sales_category_label": "Uncategorised / other", "sales_category_reason": "other:fallback"}}, {"type": "Feature", "geometry": {"type": "Point", "coordinates": [144.8299779, -37.7962221]}, "properties": {"id": "0ed6f1d8758e5e29", "name": "Pauls Direct Outlet", "address": "VIC", "suburb": "", "postcode": "", "section_id": "west", "category": "wholesale", "priority": "medium", "status": "prospect", "phone": "", "website": "", "notes": "Found via OpenStreetMap Overpass", "sales_category": "other", "sales_category_label": "Uncategorised / other", "sales_category_reason": "other:fallback"}}, {"type": "Feature", "geometry": {"type": "Point", "coordinates": [144.7356671, -37.8827261]}, "properties": {"id": "35b6b5e736aa2d81", "name": "Point Cook Fruit & Veggies", "address": "VIC", "suburb": "", "postcode": "", "section_id": "west", "category": "greengrocer", "priority": "medium", "status": "prospect", "phone": "", "website": "", "notes": "Found via OpenStreetMap Overpass", "sales_category": "other", "sales_category_label": "Uncategorised / other", "sales_category_reason": "other:produce"}}, {"type": "Feature", "geometry": {"type": "Point", "coordinates": [144.7442731, -37.8360479]}, "properties": {"id": "f76b9394af32f93d", "name": "Pricerite Insulation", "address": "17 Infinity Drive VIC", "suburb": "", "postcode": "", "section_id": "west", "category": "wholesale", "priority": "medium", "status": "prospect", "phone": "+61 444 511 783", "website": "https://www.priceriteinsulation.com.au/", "notes": "Found via OpenStreetMap Overpass", "sales_category": "other", "sales_category_label": "Uncategorised / other", "sales_category_reason": "other:fallback"}}, {"type": "Feature", "geometry": {"type": "Point", "coordinates": [144.9010245, -37.86476]}, "properties": {"id": "5bf192a0e4795835", "name": "Regional Farmers Markets", "address": "VIC", "suburb": "", "postcode": "", "section_id": "west", "category": "marketplace", "priority": "medium", "status": "prospect", "phone": "+61 419 351 878", "website": "http://www.rfm.net.au/", "notes": "Found via OpenStreetMap Overpass", "sales_category": "other", "sales_category_label": "Uncategorised / other", "sales_category_reason": "other:market"}}, {"type": "Feature", "geometry": {"type": "Point", "coordinates": [144.8326461, -37.78576]}, "properties": {"id": "bcaf3b33fdfbcde9", "name": "Sagar Spices", "address": "254 Hampshire Road VIC", "suburb": "", "postcode": "", "section_id": "west", "category": "deli", "priority": "medium", "status": "prospect", "phone": "", "website": "", "notes": "Found via OpenStreetMap Overpass", "sales_category": "other", "sales_category_label": "Uncategorised / other", "sales_category_reason": "other:fallback"}}, {"type": "Feature", "geometry": {"type": "Point", "coordinates": [144.8328698, -37.7855167]}, "properties": {"id": "addd940c623b6e45", "name": "Sagar Spices", "address": "VIC", "suburb": "", "postcode": "", "section_id": "west", "category": "deli", "priority": "medium", "status": "prospect", "phone": "", "website": "", "notes": "Found via OpenStreetMap Overpass", "sales_category": "other", "sales_category_label": "Uncategorised / other", "sales_category_reason": "other:fallback"}}, {"type": "Feature", "geometry": {"type": "Point", "coordinates": [144.8346543, -37.8506553]}, "properties": {"id": "f66bedbf56f7a626", "name": "Shine Trimmings and Fabrics", "address": "1 Drake Boulevard Altona VIC 3018", "suburb": "Altona", "postcode": "3018", "section_id": "west", "category": "wholesale", "priority": "medium", "status": "prospect", "phone": "+61 3 9360 0600", "website": "https://shinewholesale.com.au/", "notes": "Found via OpenStreetMap Overpass", "sales_category": "other", "sales_category_label": "Uncategorised / other", "sales_category_reason": "other:fallback"}}, {"type": "Feature", "geometry": {"type": "Point", "coordinates": [144.8833822, -37.8306438]}, "properties": {"id": "203716b73ce76401", "name": "Spotswood Slow Food Market", "address": "VIC", "suburb": "", "postcode": "", "section_id": "west", "category": "marketplace", "priority": "medium", "status": "prospect", "phone": "", "website": "", "notes": "Found via OpenStreetMap Overpass", "sales_category": "other", "sales_category_label": "Uncategorised / other", "sales_category_reason": "other:market"}}, {"type": "Feature", "geometry": {"type": "Point", "coordinates": [144.7757158, -37.8725477]}, "properties": {"id": "949ec93c7a4b527a", "name": "The Olive Branch", "address": "VIC", "suburb": "", "postcode": "", "section_id": "west", "category": "deli", "priority": "medium", "status": "prospect", "phone": "", "website": "", "notes": "Found via OpenStreetMap Overpass", "sales_category": "other", "sales_category_label": "Uncategorised / other", "sales_category_reason": "other:fallback"}}, {"type": "Feature", "geometry": {"type": "Point", "coordinates": [144.8344936, -37.7821985]}, "properties": {"id": "9c2fbdf22767cc18", "name": "Vic Fields Fruit & Veg", "address": "VIC", "suburb": "", "postcode": "", "section_id": "west", "category": "greengrocer", "priority": "medium", "status": "prospect", "phone": "", "website": "", "notes": "Found via OpenStreetMap Overpass", "sales_category": "other", "sales_category_label": "Uncategorised / other", "sales_category_reason": "other:produce"}}, {"type": "Feature", "geometry": {"type": "Point", "coordinates": [144.8128273, -37.8049595]}, "properties": {"id": "af60783979b6ccee", "name": "Vincent Vegetarian Food", "address": "36 West Circuit VIC", "suburb": "", "postcode": "", "section_id": "west", "category": "health food", "priority": "medium", "status": "prospect", "phone": "", "website": "", "notes": "Found via OpenStreetMap Overpass", "sales_category": "western_premium", "sales_category_label": "Western premium / independent", "sales_category_reason": "heuristic:western"}}, {"type": "Feature", "geometry": {"type": "Point", "coordinates": [144.8647609, -37.7692927]}, "properties": {"id": "456736f6a3dda74b", "name": "Vạn Thành Asian Grocery", "address": "VIC", "suburb": "", "postcode": "", "section_id": "west", "category": "greengrocer", "priority": "medium", "status": "prospect", "phone": "", "website": "", "notes": "Found via OpenStreetMap Overpass", "sales_category": "asian", "sales_category_label": "Asian grocery", "sales_category_reason": "override:asian grocery"}}, {"type": "Feature", "geometry": {"type": "Point", "coordinates": [144.9055, -37.8615]}, "properties": {"id": "de237ea9663d718e", "name": "Williamstown specialty / gourmet cluster", "address": "Nelson Place / Ferguson Street, Williamstown VIC 3016", "suburb": "Williamstown", "postcode": "3016", "section_id": "west", "category": "gourmet strip", "priority": "medium", "status": "prospect", "phone": "", "website": "", "notes": "Bayside west independents", "sales_category": "western_premium", "sales_category_label": "Western premium / independent", "sales_category_reason": "override:williamstown specialty"}}, {"type": "Feature", "geometry": {"type": "Point", "coordinates": [144.8895, -37.8165]}, "properties": {"id": "893717fad607a635", "name": "Yarraville Village specialty foods", "address": "Anderson / Ballarat Street, Yarraville VIC 3013", "suburb": "Yarraville", "postcode": "3013", "section_id": "west", "category": "gourmet strip", "priority": "medium", "status": "prospect", "phone": "", "website": "", "notes": "Walk village for independents", "sales_category": "western_premium", "sales_category_label": "Western premium / independent", "sales_category_reason": "override:yarraville village specialty"}}, {"type": "Feature", "geometry": {"type": "Point", "coordinates": [144.8304217, -37.8695606]}, "properties": {"id": "8c0405e47e4fb1d6", "name": "matteo's delicatessen", "address": "VIC", "suburb": "", "postcode": "", "section_id": "west", "category": "deli", "priority": "medium", "status": "prospect", "phone": "", "website": "", "notes": "Found via OpenStreetMap Overpass", "sales_category": "western_premium", "sales_category_label": "Western premium / independent", "sales_category_reason": "heuristic:western"}}]}
